id,why_listed,speaker,devanagari,iast,english,codex_verdict,codex_problem,codex_sanskrit_says,owner_decision,owner_note
BG.1.1,safety flags: war; random sample,Dhritarashtra,"धर्मक्षेत्रे कुरुक्षेत्रे समवेता युयुत्सवः ।
मामकाः पाण्डवाश्चैव किमकुर्वत संजय ॥","dharmakṣetre kurukṣetre samavetā yuyutsavaḥ |
māmakāḥ pāṇḍavāścaiva kimakurvata saṃjaya ||","On the field of dharma, the field of the Kurus, my sons and the sons of Pandu have gathered, eager to fight. What did they do, Sanjaya?",agree,,,,
BG.1.2,safety flags: war,Sanjaya,"दृष्ट्वा तु पाण्डवानीकं व्यूढं दुर्योधनस्तदा ।
आचार्यमुपसंगम्य राजा वचनमब्रवीत् ॥","dṛṣṭvā tu pāṇḍavānīkaṃ vyūḍhaṃ duryodhanastadā |
ācāryamupasaṃgamya rājā vacanamabravīt ||","But when King Duryodhana saw the Pandava army drawn up in battle order, he went up to his teacher and spoke these words.",agree,,,,
BG.1.3,safety flags: war,Sanjaya,"पश्यैतां पाण्डुपुत्राणामाचार्य महतीं चमूम् ।
व्यूढां द्रुपदपुत्रेण तव शिष्येण धीमता ॥","paśyaitāṃ pāṇḍuputrāṇāmācārya mahatīṃ camūm |
vyūḍhāṃ drupadaputreṇa tava śiṣyeṇa dhīmatā ||","Teacher, look at this great army of the sons of Pandu, arrayed by your gifted student, the son of Drupada.",agree,,,,
BG.1.4,safety flags: war,Sanjaya,"अत्र शूरा महेष्वासा भीमार्जुनसमा युधि ।
युयुधानो विराटश्च द्रुपदश्च महारथः ॥","atra śūrā maheṣvāsā bhīmārjunasamā yudhi |
yuyudhāno virāṭaśca drupadaśca mahārathaḥ ||","Here are heroes, mighty archers equal in battle to Bhima and Arjuna: Yuyudhana, Virata, and Drupada, a great chariot-warrior;",agree,,,,
BG.1.5,safety flags: war,Sanjaya,"धृष्टकेतुश्चेकितानः काशिराजश्च वीर्यवान् ।
पुरुजित्कुन्तिभोजश्च शैब्यश्च नरपुङ्गवः ॥","dhṛṣṭaketuścekitānaḥ kāśirājaśca vīryavān |
purujitkuntibhojaśca śaibyaśca narapuṅgavaḥ ||","Dhrishtaketu, Chekitana, and the valiant king of Kashi; Purujit, Kuntibhoja, and Shaibya, a bull among men;",agree,,,,
BG.1.6,safety flags: war,Sanjaya,"युधामन्युश्च विक्रान्त उत्तमौजाश्च वीर्यवान् ।
सौभद्रो द्रौपदेयाश्च सर्व एव महारथाः ॥","yudhāmanyuśca vikrānta uttamaujāśca vīryavān |
saubhadro draupadeyāśca sarva eva mahārathāḥ ||","the bold Yudhamanyu and the valiant Uttamaujas, the son of Subhadra and the sons of Draupadi: all of them great chariot-warriors.",agree,,,,
BG.1.7,safety flags: war,Sanjaya,"अस्माकं तु विशिष्टा ये तान्निबोध द्विजोत्तम ।
नायका मम सैन्यस्य संज्ञार्थं तान्ब्रवीमि ते ॥","asmākaṃ tu viśiṣṭā ye tānnibodha dvijottama |
nāyakā mama sainyasya saṃjñārthaṃ tānbravīmi te ||","Now hear, best of the twice-born, about the most distinguished among us, the leaders of my army. I name them for you so that you know them.",agree,,,,
BG.1.8,safety flags: war,Sanjaya,"भवान्भीष्मश्च कर्णश्च कृपश्च समितिंजयः ।
अश्वत्थामा विकर्णश्च सौमदत्तिस्तथैव च ॥","bhavānbhīṣmaśca karṇaśca kṛpaśca samitiṃjayaḥ |
aśvatthāmā vikarṇaśca saumadattistathaiva ca ||","You yourself, Bhishma, Karna, and Kripa, victorious in battle; Ashvatthama, Vikarna, and also the son of Somadatta.",agree,,,,
BG.1.9,"safety flags: war, death",Sanjaya,"अन्ये च बहवः शूरा मदर्थे त्यक्तजीविताः ।
नानाशस्त्रप्रहरणाः सर्वे युद्धविशारदाः ॥","anye ca bahavaḥ śūrā madarthe tyaktajīvitāḥ |
nānāśastrapraharaṇāḥ sarve yuddhaviśāradāḥ ||","And many other heroes are ready to give up their lives for my sake, armed with many kinds of weapons, all of them skilled in war.",agree,,,,
BG.1.10,safety flags: war,Sanjaya,"अपर्याप्तं तदस्माकं बलं भीष्माभिरक्षितम् ।
पर्याप्तं त्विदमेतेषां बलं भीमाभिरक्षितम् ॥","aparyāptaṃ tadasmākaṃ balaṃ bhīṣmābhirakṣitam |
paryāptaṃ tvidameteṣāṃ balaṃ bhīmābhirakṣitam ||","Our army, guarded by Bhishma, is not enough, while their army, guarded by Bhima, is enough.",agree,,,,
BG.1.11,safety flags: war,Sanjaya,"अयनेषु च सर्वेषु यथाभागमवस्थिताः ।
भीष्ममेवाभिरक्षन्तु भवन्तः सर्व एव हि ॥","ayaneṣu ca sarveṣu yathābhāgamavasthitāḥ |
bhīṣmamevābhirakṣantu bhavantaḥ sarva eva hi ||","So all of you, standing in your assigned places at every point of the formation, must protect Bhishma above all.",agree,,,,
BG.1.12,safety flags: war,Sanjaya,"तस्य संजनयन्हर्षं कुरुवृद्धः पितामहः ।
सिंहनादं विनद्योच्चैः शङ्खं दध्मौ प्रतापवान् ॥","tasya saṃjanayanharṣaṃ kuruvṛddhaḥ pitāmahaḥ |
siṃhanādaṃ vinadyoccaiḥ śaṅkhaṃ dadhmau pratāpavān ||","Then, to cheer him, the mighty Bhishma, eldest of the Kurus and their grandfather, roared like a lion and blew his conch.",agree,,,,
BG.1.13,safety flags: war,Sanjaya,"ततः शङ्खाश्च भेर्यश्च पणवानकगोमुखाः ।
सहसैवाभ्यहन्यन्त स शब्दस्तुमुलोऽभवत् ॥","tataḥ śaṅkhāśca bheryaśca paṇavānakagomukhāḥ |
sahasaivābhyahanyanta sa śabdastumulo'bhavat ||","Then conches and kettledrums, tabors, drums and horns all sounded at once, and the noise was tremendous.",agree,,,,
BG.1.14,safety flags: war,Sanjaya,"ततः श्वेतैर्हयैर्युक्ते महति स्यन्दने स्थितौ ।
माधवः पाण्डवश्चैव दिव्यौ शङ्खौ प्रदध्मतुः ॥","tataḥ śvetairhayairyukte mahati syandane sthitau |
mādhavaḥ pāṇḍavaścaiva divyau śaṅkhau pradadhmatuḥ ||","Then Krishna and Arjuna, standing in their great chariot yoked to white horses, blew their divine conches.",agree,,,,
BG.1.15,safety flags: war,Sanjaya,"पाञ्चजन्यं हृषीकेशो देवदत्तं धनञ्जयः ।
पौण्ड्रं दध्मौ महाशङ्खं भीमकर्मा वृकोदरः ॥","pāñcajanyaṃ hṛṣīkeśo devadattaṃ dhanañjayaḥ |
pauṇḍraṃ dadhmau mahāśaṅkhaṃ bhīmakarmā vṛkodaraḥ ||","Krishna blew Panchajanya, Arjuna blew Devadatta, and Bhima, doer of fearsome deeds, blew the great conch Paundra.",agree,,,,
BG.1.16,safety flags: war,Sanjaya,"अनन्तविजयं राजा कुन्तीपुत्रो युधिष्ठिरः ।
नकुलः सहदेवश्च सुघोषमणिपुष्पकौ ॥","anantavijayaṃ rājā kuntīputro yudhiṣṭhiraḥ |
nakulaḥ sahadevaśca sughoṣamaṇipuṣpakau ||","King Yudhishthira, son of Kunti, blew Anantavijaya; Nakula and Sahadeva blew Sughosha and Manipushpaka.",agree,,,,
BG.1.17,safety flags: war,Sanjaya,"काश्यश्च परमेष्वासः शिखण्डी च महारथः ।
धृष्टद्युम्नो विराटश्च सात्यकिश्चापराजितः ॥","kāśyaśca parameṣvāsaḥ śikhaṇḍī ca mahārathaḥ |
dhṛṣṭadyumno virāṭaśca sātyakiścāparājitaḥ ||","The king of Kashi, a superb archer, and Shikhandi, a great chariot-warrior; Dhrishtadyumna, Virata, and the unconquered Satyaki;",agree,,,,
BG.1.18,safety flags: war,Sanjaya,"द्रुपदो द्रौपदेयाश्च सर्वशः पृथिवीपते ।
सौभद्रश्च महाबाहुः शङ्खान्दध्मुः पृथक्पृथक् ॥","drupado draupadeyāśca sarvaśaḥ pṛthivīpate |
saubhadraśca mahābāhuḥ śaṅkhāndadhmuḥ pṛthakpṛthak ||","Drupada and the sons of Draupadi, O king, and the mighty-armed son of Subhadra: on every side, each blew his own conch.",agree,,,,
BG.1.19,safety flags: war,Sanjaya,"स घोषो धार्तराष्ट्राणां हृदयानि व्यदारयत् ।
नभश्च पृथिवीं चैव तुमुलो व्यनुनादयन् ॥","sa ghoṣo dhārtarāṣṭrāṇāṃ hṛdayāni vyadārayat |
nabhaśca pṛthivīṃ caiva tumulo vyanunādayan ||","That tumultuous roar, echoing through sky and earth, tore apart the hearts of Dhritarashtra's sons.",agree,,,,
BG.1.20,safety flags: war,Sanjaya,"अथ व्यवस्थितान्दृष्ट्वा धार्तराष्ट्रान्कपिध्वजः ।
प्रवृत्ते शस्त्रसंपाते धनुरुद्यम्य पाण्डवः ॥","atha vyavasthitāndṛṣṭvā dhārtarāṣṭrānkapidhvajaḥ |
pravṛtte śastrasaṃpāte dhanurudyamya pāṇḍavaḥ ||","Then Arjuna, whose banner bears a monkey, saw Dhritarashtra's sons drawn up in order. As the weapons were about to clash, the son of Pandu raised his bow",agree,,,,
BG.1.21,safety flags: war,Arjuna,"हृषीकेशं तदा वाक्यमिदमाह महीपते ।
सेनयोरुभयोर्मध्ये रथं स्थापय मेऽच्युत ॥","hṛṣīkeśaṃ tadā vākyamidamāha mahīpate |
senayorubhayormadhye rathaṃ sthāpaya me'cyuta ||","and spoke these words to Krishna, O king: ""Krishna, halt my chariot between the two armies,",agree,,,,
BG.1.22,safety flags: war,Arjuna,"यावदेतान्निरिक्षेऽहं योद्‌धुकामानवस्थितान् ।
कैर्मया सह योद्धव्यमस्मिन् रणसमुद्यमे ॥","yāvadetānnirikṣe'haṃ yoddhukāmānavasthitān |
kairmayā saha yoddhavyamasmin raṇasamudyame ||","so that I can look at those standing here eager to fight, and see whom I must fight in this coming battle.",agree,,,,
BG.1.23,safety flags: war,Arjuna,"योत्स्यमानानवेक्षेऽहं य एतेऽत्र समागताः ।
धार्तराष्ट्रस्य दुर्बुद्धेर्युद्धे प्रियचिकीर्षवः ॥","yotsyamānānavekṣe'haṃ ya ete'tra samāgatāḥ |
dhārtarāṣṭrasya durbuddheryuddhe priyacikīrṣavaḥ ||","I want to see those who have gathered here to fight, wishing to please the evil-minded son of Dhritarashtra in battle.""",agree,,,,
BG.1.24,safety flags: war,Sanjaya,"एवमुक्तो हृषीकेशो गुडाकेशेन भारत ।
सेनयोरुभयोर्मध्ये स्थापयित्वा रथोत्तमम् ॥","evamukto hṛṣīkeśo guḍākeśena bhārata |
senayorubhayormadhye sthāpayitvā rathottamam ||","Spoken to in this way by Arjuna, O king, Krishna drew up that finest of chariots between the two armies,",agree,,,,
BG.1.25,safety flags: war,Sanjaya,"भीष्मद्रोणप्रमुखतः सर्वेषां च महीक्षिताम् ।
उवाच पार्थ पश्यैतान्समवेतान्कुरूनिति ॥","bhīṣmadroṇapramukhataḥ sarveṣāṃ ca mahīkṣitām |
uvāca pārtha paśyaitānsamavetānkurūniti ||","in front of Bhishma, Drona and all the rulers of the earth, and said: ""Son of Pritha, look at these Kurus gathered together.""",agree,,,,
BG.1.26,safety flags: war,Sanjaya,"तत्रापश्यत्स्थितान्पार्थः पितॄनथ पितामहान् ।
आचार्यान्मातुलान्भ्रातॄन्पुत्रान्पौत्रान्सखींस्तथा ॥","tatrāpaśyatsthitānpārthaḥ pitṝnatha pitāmahān |
ācāryānmātulānbhrātṝnputrānpautrānsakhīṃstathā ||","There the son of Pritha saw them standing: fathers and grandfathers, teachers, uncles, brothers, sons, grandsons, and friends,",agree,,,,
BG.1.27,safety flags: war,Sanjaya,"श्वशुरान्सुहृदश्चैव सेनयोरुभयोरपि ।
तान्समीक्ष्य स कौन्तेयः सर्वान्बन्धूनवस्थितान् ॥","śvaśurānsuhṛdaścaiva senayorubhayorapi |
tānsamīkṣya sa kaunteyaḥ sarvānbandhūnavasthitān ||","fathers-in-law and companions, in both armies. Seeing all these relatives standing there, the son of Kunti",agree,,,,
BG.1.28,safety flags: war,Arjuna,"कृपया परयाविष्टो विषीदन्निदमब्रवीत् ।
दृष्ट्वेमं स्वजनं कृष्ण युयुत्सुं समुपस्थितम् ॥","kṛpayā parayāviṣṭo viṣīdannidamabravīt |
dṛṣṭvemaṃ svajanaṃ kṛṣṇa yuyutsuṃ samupasthitam ||","was overcome with deep compassion, and in despair he said: ""Krishna, seeing my own people standing here, eager to fight,",agree,,,,
BG.1.30,safety flags: war,Arjuna,"गाण्डीवं स्रंसते हस्तात्त्वक्चैव परिदह्यते ।
न च शक्नोम्यवस्थातुं भ्रमतीव च मे मनः ॥","gāṇḍīvaṃ sraṃsate hastāttvakcaiva paridahyate |
na ca śaknomyavasthātuṃ bhramatīva ca me manaḥ ||","My bow Gandiva slips from my hand and my skin is burning. I cannot stand steady, and my mind seems to be reeling.",agree,,,,
BG.1.31,safety flags: war,Arjuna,"निमित्तानि च पश्यामि विपरीतानि केशव ।
न च श्रेयोऽनुपश्यामि हत्वा स्वजनमाहवे ॥","nimittāni ca paśyāmi viparītāni keśava |
na ca śreyo'nupaśyāmi hatvā svajanamāhave ||","Krishna, I see bad omens, and I see no good in killing my own people in battle.",agree,,,,
BG.1.32,safety flags: distress_gentle,Arjuna,"न काङ्क्षे विजयं कृष्ण न च राज्यं सुखानि च ।
किं नो राज्येन गोविन्द किं भोगैर्जीवितेन वा ॥","na kāṅkṣe vijayaṃ kṛṣṇa na ca rājyaṃ sukhāni ca |
kiṃ no rājyena govinda kiṃ bhogairjīvitena vā ||","Krishna, I do not want victory, or a kingdom, or pleasures. What use to us is a kingdom, or enjoyment, or even life?",agree,,,,
BG.1.33,"safety flags: war, death",Arjuna,"येषामर्थे काङ्क्षितं नो राज्यं भोगाः सुखानि च ।
त इमेऽवस्थिता युद्धे प्राणांस्त्यक्त्वा धनानि च ॥","yeṣāmarthe kāṅkṣitaṃ no rājyaṃ bhogāḥ sukhāni ca |
ta ime'vasthitā yuddhe prāṇāṃstyaktvā dhanāni ca ||","The very people for whose sake we wanted a kingdom, enjoyment and pleasures stand here in battle, ready to give up their lives and wealth:",agree,,,,
BG.1.35,"safety flags: war, death",Arjuna,"एतान्न हन्तुमिच्छामि घ्नतोऽपि मधुसूदन ।
अपि त्रैलोक्यराज्यस्य हेतोः किं नु महीकृते ॥","etānna hantumicchāmi ghnato'pi madhusūdana |
api trailokyarājyasya hetoḥ kiṃ nu mahīkṛte ||","I do not want to kill them, Krishna, even if they kill me, not even to rule the three worlds, let alone this earth.",agree,,,,
BG.1.36,safety flags: war,Arjuna,"निहत्य धार्तराष्ट्रान्नः का प्रीतिः स्याज्जनार्दन ।
पापमेवाश्रयेदस्मान्हत्वैतानाततायिनः ॥","nihatya dhārtarāṣṭrānnaḥ kā prītiḥ syājjanārdana |
pāpamevāśrayedasmānhatvaitānātatāyinaḥ ||","What joy could we have from killing the sons of Dhritarashtra, Krishna? Only sin would come to us from killing these aggressors.",agree,,,,
BG.1.37,safety flags: war,Arjuna,"तस्मान्नार्हा वयं हन्तुं धार्तराष्ट्रान्स्वबान्धवान् ।
स्वजनं हि कथं हत्वा सुखिनः स्याम माधव ॥","tasmānnārhā vayaṃ hantuṃ dhārtarāṣṭrānsvabāndhavān |
svajanaṃ hi kathaṃ hatvā sukhinaḥ syāma mādhava ||","So it is not right for us to kill the sons of Dhritarashtra, our own relatives. How could we be happy after killing our own people, Krishna?",agree,,,,
BG.1.38,safety flags: war,Arjuna,"यद्यप्येते न पश्यन्ति लोभोपहतचेतसः ।
कुलक्षयकृतं दोषं मित्रद्रोहे च पातकम् ॥","yadyapyete na paśyanti lobhopahatacetasaḥ |
kulakṣayakṛtaṃ doṣaṃ mitradrohe ca pātakam ||","Even if they, their minds overcome by greed, do not see the wrong in destroying a family, or the sin in betraying friends,",agree,,,,
BG.1.39,safety flags: war,Arjuna,"कथं न ज्ञेयमस्माभिः पापादस्मान्निवर्तितुम् ।
कुलक्षयकृतं दोषं प्रपश्यद्भिर्जनार्दन ॥","kathaṃ na jñeyamasmābhiḥ pāpādasmānnivartitum |
kulakṣayakṛtaṃ doṣaṃ prapaśyadbhirjanārdana ||","why should we not know to turn back from this sin, Krishna, when we can clearly see the wrong in destroying a family?",agree,,,,
BG.1.40,safety flags: war,Arjuna,"कुलक्षये प्रणश्यन्ति कुलधर्माः सनातनाः ।
धर्मे नष्टे कुलं कृत्स्नमधर्मोऽभिभवत्युत ॥","kulakṣaye praṇaśyanti kuladharmāḥ sanātanāḥ |
dharme naṣṭe kulaṃ kṛtsnamadharmo'bhibhavatyuta ||","When a family is destroyed, its timeless family traditions perish; and when that dharma is lost, lawlessness overtakes the whole family.",agree,,,,
BG.1.41,safety flags: caste_gender,Arjuna,"अधर्माभिभवात्कृष्ण प्रदुष्यन्ति कुलस्त्रियः ।
स्त्रीषु दुष्टासु वार्ष्णेय जायते वर्णसंकरः ॥","adharmābhibhavātkṛṣṇa praduṣyanti kulastriyaḥ |
strīṣu duṣṭāsu vārṣṇeya jāyate varṇasaṃkaraḥ ||","When lawlessness prevails, Krishna, the women of the family become corrupt; and when the women are corrupt, the varnas become mixed.",agree,,,,
BG.1.42,"safety flags: war, caste_gender",Arjuna,"संकरो नरकायैव कुलघ्नानां कुलस्य च ।
पतन्ति पितरो ह्येषां लुप्तपिण्डोदकक्रियाः ॥","saṃkaro narakāyaiva kulaghnānāṃ kulasya ca |
patanti pitaro hyeṣāṃ luptapiṇḍodakakriyāḥ ||","This mixing drags the family and those who destroyed it down to hell, for their ancestors fall, deprived of their offerings of rice and water.",agree,,,,
BG.1.43,"safety flags: war, caste_gender",Arjuna,"दोषैरेतैः कुलघ्नानां वर्णसंकरकारकैः ।
उत्साद्यन्ते जातिधर्माः कुलधर्माश्च शाश्वताः ॥","doṣairetaiḥ kulaghnānāṃ varṇasaṃkarakārakaiḥ |
utsādyante jātidharmāḥ kuladharmāśca śāśvatāḥ ||","Through these wrongs of those who destroy families, which cause the mixing of varnas, the timeless duties of caste and family are wiped out.",agree,,,,
BG.1.44,Codex disagrees,Arjuna,"उत्सन्नकुलधर्माणां मनुष्याणां जनार्दन ।
नरकेऽनियतं वासो भवतीत्यनुशुश्रुम ॥","utsannakuladharmāṇāṃ manuṣyāṇāṃ janārdana |
narake'niyataṃ vāso bhavatītyanuśuśruma ||","We have heard, Krishna, that people whose family traditions have been destroyed live in hell for an endless time.",disagree,"“For an endless time” overstates अनियतं, which means an indefinite or unfixed period, not necessarily an endless one.","We have heard, Janardana, that people whose family duties have been destroyed dwell in hell for an indefinite period.",,
BG.1.45,safety flags: war,Arjuna,"अहो बत महत्पापं कर्तुं व्यवसिता वयम् ।
यद्राज्यसुखलोभेन हन्तुं स्वजनमुद्यताः ॥","aho bata mahatpāpaṃ kartuṃ vyavasitā vayam |
yadrājyasukhalobhena hantuṃ svajanamudyatāḥ ||","Alas! We are set on committing a great sin, ready to kill our own people out of greed for the pleasures of a kingdom.",agree,,,,
BG.1.46,"safety flags: war, death, under18_hold",Arjuna,"यदि मामप्रतीकारमशस्त्रं शस्त्रपाणयः ।
धार्तराष्ट्रा रणे हन्युस्तन्मे क्षेमतरं भवेत् ॥","yadi māmapratīkāramaśastraṃ śastrapāṇayaḥ |
dhārtarāṣṭrā raṇe hanyustanme kṣemataraṃ bhavet ||","It would be better for me if the sons of Dhritarashtra, weapons in hand, killed me in battle while I stood unarmed and did not resist.""",agree,,,,
BG.1.47,safety flags: war,Sanjaya,"एवमुक्त्वार्जुनः संख्ये रथोपस्थ उपाविशत् ।
विसृज्य सशरं चापं शोकसंविग्नमानसः ॥","evamuktvārjunaḥ saṃkhye rathopastha upāviśat |
visṛjya saśaraṃ cāpaṃ śokasaṃvignamānasaḥ ||","Having said this on the battlefield, Arjuna sank down on the seat of his chariot, casting aside his bow and arrows, his mind overwhelmed with grief.",agree,,,,
BG.2.2,safety flags: distress_gentle,Krishna,"कुतस्त्वा कश्मलमिदं विषमे समुपस्थितम् ।
अनार्यजुष्टमस्वर्ग्यमकीर्तिकरमर्जुन ॥","kutastvā kaśmalamidaṃ viṣame samupasthitam |
anāryajuṣṭamasvargyamakīrtikaramarjuna ||","Arjuna, where has this faintness of heart come from at this critical moment? It is not the way of a noble person; it does not lead to heaven, and it brings disgrace.",agree,,,,
BG.2.3,"safety flags: war, under18_hold, distress_gentle",Krishna,"क्लैब्यं मा स्म गमः पार्थ नैतत्त्वय्युपपद्यते ।
क्षुद्रं हृदयदौर्बल्यं त्यक्त्वोत्तिष्ठ परन्तप ॥","klaibyaṃ mā sma gamaḥ pārtha naitattvayyupapadyate |
kṣudraṃ hṛdayadaurbalyaṃ tyaktvottiṣṭha parantapa ||","Son of Pritha, do not give in to unmanliness; it does not suit you. Cast off this petty weakness of heart and stand up, scorcher of enemies.",agree,,,,
BG.2.4,safety flags: war,Arjuna,"कथं भीष्ममहं संख्ये द्रोणं च मधुसूदन ।
इषुभिः प्रति योत्स्यामि पूजार्हावरिसूदन ॥","kathaṃ bhīṣmamahaṃ saṃkhye droṇaṃ ca madhusūdana |
iṣubhiḥ prati yotsyāmi pūjārhāvarisūdana ||","Krishna, how can I fight back with arrows in battle against Bhishma and Drona? They deserve my reverence, destroyer of enemies.",agree,,,,
BG.2.5,safety flags: war,Arjuna,"गुरूनहत्वा हि महानुभावान् श्रेयो भोक्तुं भैक्ष्यमपीह लोके ।
हत्वार्थकामांस्तु गुरूनिहैव भुञ्जीय भोगान् रुधिरप्रदिग्धान् ॥","gurūnahatvā hi mahānubhāvān śreyo bhoktuṃ bhaikṣyamapīha loke |
hatvārthakāmāṃstu gurūnihaiva bhuñjīya bhogān rudhirapradigdhān ||","It would be better to live in this world even by begging than to kill these noble teachers. If I killed my teachers, however much they seek gain, I would enjoy here only pleasures stained with blood.",agree,,,,
BG.2.6,"safety flags: war, distress_gentle",Arjuna,"न चैतद्विद्मः कतरन्नो गरीयो यद्वा जयेम यदि वा नो जयेयुः ।
यानेव हत्वा न जिजीविषाम- स्तेऽवस्थिताः प्रमुखे धार्तराष्ट्राः ॥","na caitadvidmaḥ kataranno garīyo yadvā jayema yadi vā no jayeyuḥ |
yāneva hatvā na jijīviṣāma- ste'vasthitāḥ pramukhe dhārtarāṣṭrāḥ ||","Nor do we know which is better for us: that we defeat them, or that they defeat us. The sons of Dhritarashtra stand before us; if we killed them, we would not even wish to live.",agree,,,,
BG.2.8,safety flags: distress_gentle,Arjuna,"न हि प्रपश्यामि ममापनुद्याद् यच्छोकमुच्छोषणमिन्द्रियाणाम् ।
अवाप्य भूमावसपत्नमृद्धं राज्यं सुराणामपि चाधिपत्यम् ॥","na hi prapaśyāmi mamāpanudyād yacchokamucchoṣaṇamindriyāṇām |
avāpya bhūmāvasapatnamṛddhaṃ rājyaṃ surāṇāmapi cādhipatyam ||","I see nothing that could drive away this grief that dries up my senses, even if I won an unrivalled, prosperous kingdom on earth, or even lordship over the gods.",agree,,,,
BG.2.9,Codex disagrees; safety flags: war,Sanjaya,"एवमुक्त्वा हृषीकेशं गुडाकेशः परन्तप ।
न योत्स्य इति गोविन्दमुक्त्वा तूष्णीं बभूव ह ॥","evamuktvā hṛṣīkeśaṃ guḍākeśaḥ parantapa |
na yotsya iti govindamuktvā tūṣṇīṃ babhūva ha ||","Having spoken this way to Krishna, Arjuna said to him, ""I will not fight,"" O king, and fell silent.",disagree,"“O king” does not render the Sanskrit epithet परन्तप, “scorcher of enemies.”","Having spoken thus to Hrishikesha, Gudakesha said to Govinda, “I will not fight,” O scorcher of enemies, and then fell silent.",,
BG.2.11,"safety flags: death, under18_hold, distress_gentle",Krishna,"अशोच्यानन्वशोचस्त्वं प्रज्ञावादांश्च भाषसे ।
गतासूनगतासूंश्च नानुशोचन्ति पण्डिताः ॥","aśocyānanvaśocastvaṃ prajñāvādāṃśca bhāṣase |
gatāsūnagatāsūṃśca nānuśocanti paṇḍitāḥ ||","You grieve for those who should not be grieved for, and yet you speak words that sound wise. The wise grieve neither for the dead nor for the living.",agree,,,,
BG.2.12,safety flags: death,Krishna,"न त्वेवाहं जातु नासं न त्वं नेमे जनाधिपाः ।
न चैव न भविष्यामः सर्वे वयमतः परम् ॥","na tvevāhaṃ jātu nāsaṃ na tvaṃ neme janādhipāḥ |
na caiva na bhaviṣyāmaḥ sarve vayamataḥ param ||","There was never a time when I did not exist, nor you, nor these kings; and none of us will ever cease to exist in the future.",agree,,,,
BG.2.13,safety flags: death,Krishna,"देहिनोऽस्मिन्यथा देहे कौमारं यौवनं जरा ।
तथा देहान्तरप्राप्तिर्धीरस्तत्र न मुह्यति ॥","dehino'sminyathā dehe kaumāraṃ yauvanaṃ jarā |
tathā dehāntaraprāptirdhīrastatra na muhyati ||","Just as the embodied self passes through childhood, youth and old age in this body, so it passes into another body. A steady person is not confused by this.",agree,,,,
BG.2.17,safety flags: death,Krishna,"अविनाशि तु तद्विद्धि येन सर्वमिदं ततम् ।
विनाशमव्ययस्यास्य न कश्चित्कर्तुमर्हति ॥","avināśi tu tadviddhi yena sarvamidaṃ tatam |
vināśamavyayasyāsya na kaścitkartumarhati ||",Know that what pervades all this is indestructible. No one can destroy the imperishable.,agree,,,,
BG.2.18,"safety flags: war, death, under18_hold",Krishna,"अन्तवन्त इमे देहा नित्यस्योक्ताः शरीरिणः ।
अनाशिनोऽप्रमेयस्य तस्माद्युध्यस्व भारत ॥","antavanta ime dehā nityasyoktāḥ śarīriṇaḥ |
anāśino'prameyasya tasmādyudhyasva bhārata ||","These bodies of the eternal, indestructible, immeasurable embodied self are said to come to an end. So fight, Arjuna.",agree,,,,
BG.2.19,"safety flags: war, death, under18_hold",Krishna,"य एनं वेत्ति हन्तारं यश्चैनं मन्यते हतम् ।
उभौ तौ न विजानीतो नायं हन्ति न हन्यते ॥","ya enaṃ vetti hantāraṃ yaścainaṃ manyate hatam |
ubhau tau na vijānīto nāyaṃ hanti na hanyate ||","Whoever thinks this self is a killer, and whoever thinks it is killed, neither of them understands. It does not kill, and it is not killed.",agree,,,,
BG.2.20,"safety flags: death, war, under18_hold",Krishna,"न जायते म्रियते वा कदाचिन्नायं भूत्वा भविता वा न भूयः ।
अजो नित्यः शाश्वतोऽयं पुराणो न हन्यते हन्यमाने शरीरे ॥","na jāyate mriyate vā kadācinnāyaṃ bhūtvā bhavitā vā na bhūyaḥ |
ajo nityaḥ śāśvato'yaṃ purāṇo na hanyate hanyamāne śarīre ||","The self is never born and never dies. It did not come into being, and it will never stop being. Unborn, eternal, constant and ancient, it is not killed when the body is killed.",agree,,,,
BG.2.21,"safety flags: war, death, under18_hold",Krishna,"वेदाविनाशिनं नित्यं य एनमजमव्ययम् ।
कथं स पुरुषः पार्थ कं घातयति हन्ति कम् ॥","vedāvināśinaṃ nityaṃ ya enamajamavyayam |
kathaṃ sa puruṣaḥ pārtha kaṃ ghātayati hanti kam ||","Son of Pritha, how can a person who knows this self to be indestructible, eternal, unborn and unchanging kill anyone, or cause anyone to be killed?",agree,,,,
BG.2.22,"safety flags: death, under18_hold",Krishna,"वासांसि जीर्णानि यथा विहाय नवानि गृह्णाति नरोऽपराणि ।
तथा शरीराणि विहाय जीर्णान्यन्यानि संयाति नवानि देही ॥","vāsāṃsi jīrṇāni yathā vihāya navāni gṛhṇāti naro'parāṇi |
tathā śarīrāṇi vihāya jīrṇānyanyāni saṃyāti navāni dehī ||","As a person throws away worn-out clothes and puts on new ones, so the embodied self throws away worn-out bodies and enters new ones.",agree,,,,
BG.2.23,safety flags: death,Krishna,"नैनं छिन्दन्ति शस्त्राणि नैनं दहति पावकः ।
न चैनं क्लेदयन्त्यापो न शोषयति मारुतः ॥","nainaṃ chindanti śastrāṇi nainaṃ dahati pāvakaḥ |
na cainaṃ kledayantyāpo na śoṣayati mārutaḥ ||","Weapons do not cut it, fire does not burn it, water does not wet it, and wind does not dry it.",agree,,,,
BG.2.24,safety flags: death,Krishna,"अच्छेद्योऽयमदाह्योऽयमक्लेद्योऽशोष्य एव च ।
नित्यः सर्वगतः स्थाणुरचलोऽयं सनातनः ॥","acchedyo'yamadāhyo'yamakledyo'śoṣya eva ca |
nityaḥ sarvagataḥ sthāṇuracalo'yaṃ sanātanaḥ ||","It cannot be cut, burned, wetted or dried. It is eternal, present everywhere, stable, unmoving and timeless.",agree,,,,
BG.2.25,"safety flags: death, under18_hold",Krishna,"अव्यक्तोऽयमचिन्त्योऽयमविकार्योऽयमुच्यते ।
तस्मादेवं विदित्वैनं नानुशोचितुमर्हसि ॥","avyakto'yamacintyo'yamavikāryo'yamucyate |
tasmādevaṃ viditvainaṃ nānuśocitumarhasi ||","It is called unmanifest, beyond thought and unchanging. So, knowing it to be like this, you should not grieve.",agree,,,,
BG.2.26,"safety flags: death, under18_hold; random sample",Krishna,"अथ चैनं नित्यजातं नित्यं वा मन्यसे मृतम् ।
तथापि त्वं महाबाहो नैवं शोचितुमर्हसि ॥","atha cainaṃ nityajātaṃ nityaṃ vā manyase mṛtam |
tathāpi tvaṃ mahābāho naivaṃ śocitumarhasi ||","And even if you think of the self as constantly being born and constantly dying, even then, mighty-armed one, you should not grieve like this.",agree,,,,
BG.2.27,"safety flags: death, under18_hold",Krishna,"जातस्य हि ध्रुवो मृत्युर्ध्रुवं जन्म मृतस्य च ।
तस्मादपरिहार्येऽर्थे न त्वं शोचितुमर्हसि ॥","jātasya hi dhruvo mṛtyurdhruvaṃ janma mṛtasya ca |
tasmādaparihārye'rthe na tvaṃ śocitumarhasi ||","Death is certain for whoever is born, and birth is certain for whoever dies. So you should not grieve over what cannot be avoided.",agree,,,,
BG.2.28,"safety flags: death, under18_hold",Krishna,"अव्यक्तादीनि भूतानि व्यक्तमध्यानि भारत ।
अव्यक्तनिधनान्येव तत्र का परिदेवना ॥","avyaktādīni bhūtāni vyaktamadhyāni bhārata |
avyaktanidhanānyeva tatra kā paridevanā ||","Beings are unmanifest at their beginning, manifest in their middle, Arjuna, and unmanifest again at their end. What is there to lament in that?",agree,,,,
BG.2.30,"safety flags: death, under18_hold",Krishna,"देही नित्यमवध्योऽयं देहे सर्वस्य भारत ।
तस्मात्सर्वाणि भूतानि न त्वं शोचितुमर्हसि ॥","dehī nityamavadhyo'yaṃ dehe sarvasya bhārata |
tasmātsarvāṇi bhūtāni na tvaṃ śocitumarhasi ||","The self that dwells in every body is eternal and can never be killed, Arjuna. So you should not grieve for any being.",agree,,,,
BG.2.31,"safety flags: war, under18_hold",Krishna,"स्वधर्ममपि चावेक्ष्य न विकम्पितुमर्हसि ।
धर्म्याद्धि युद्धाच्छ्रेयोऽन्यत्क्षत्रियस्य न विद्यते ॥","svadharmamapi cāvekṣya na vikampitumarhasi |
dharmyāddhi yuddhācchreyo'nyatkṣatriyasya na vidyate ||","And looking at your own duty, you should not waver; for a warrior, there is nothing better than a war fought for what is right.",agree,,,,
BG.2.32,"safety flags: war, death, under18_hold",Krishna,"यदृच्छया चोपपन्नं स्वर्गद्वारमपावृतम् ।
सुखिनः क्षत्रियाः पार्थ लभन्ते युद्धमीदृशम् ॥","yadṛcchayā copapannaṃ svargadvāramapāvṛtam |
sukhinaḥ kṣatriyāḥ pārtha labhante yuddhamīdṛśam ||","Fortunate are the warriors, son of Pritha, who find a war like this, come of its own accord: an open door to heaven.",agree,,,,
BG.2.33,"safety flags: war, under18_hold",Krishna,"अथ चेत्त्वमिमं धर्म्यं संग्रामं न करिष्यसि ।
ततः स्वधर्मं कीर्तिं च हित्वा पापमवाप्स्यसि ॥","atha cettvamimaṃ dharmyaṃ saṃgrāmaṃ na kariṣyasi |
tataḥ svadharmaṃ kīrtiṃ ca hitvā pāpamavāpsyasi ||","But if you do not fight this righteous battle, you will give up your duty and your honour, and you will incur sin.",agree,,,,
BG.2.34,"safety flags: war, death, under18_hold, distress_gentle",Krishna,"अकीर्तिं चापि भूतानि कथयिष्यन्ति तेऽव्ययाम् ।
सम्भावितस्य चाकीर्तिर्मरणादतिरिच्यते ॥","akīrtiṃ cāpi bhūtāni kathayiṣyanti te'vyayām |
sambhāvitasya cākīrtirmaraṇādatiricyate ||","People will tell of your disgrace for ever, and for someone who has been honoured, disgrace is worse than death.",agree,,,,
BG.2.35,safety flags: war,Krishna,"भयाद्रणादुपरतं मंस्यन्ते त्वां महारथाः ।
येषां च त्वं बहुमतो भूत्वा यास्यसि लाघवम् ॥","bhayādraṇāduparataṃ maṃsyante tvāṃ mahārathāḥ |
yeṣāṃ ca tvaṃ bahumato bhūtvā yāsyasi lāghavam ||","The great warriors will think you pulled back from battle out of fear, and those who once thought highly of you will think little of you.",agree,,,,
BG.2.36,safety flags: war,Krishna,"अवाच्यवादांश्च बहून्वदिष्यन्ति तवाहिताः ।
निन्दन्तस्तव सामर्थ्यं ततो दुःखतरं नु किम् ॥","avācyavādāṃśca bahūnvadiṣyanti tavāhitāḥ |
nindantastava sāmarthyaṃ tato duḥkhataraṃ nu kim ||","Your enemies will say many things that should never be said, mocking your strength. What could be more painful than that?",agree,,,,
BG.2.37,"safety flags: war, death, under18_hold",Krishna,"हतो वा प्राप्स्यसि स्वर्गं जित्वा वा भोक्ष्यसे महीम् ।
तस्मादुत्तिष्ठ कौन्तेय युद्धाय कृतनिश्चयः ॥","hato vā prāpsyasi svargaṃ jitvā vā bhokṣyase mahīm |
tasmāduttiṣṭha kaunteya yuddhāya kṛtaniścayaḥ ||","If you are killed, you will reach heaven; if you win, you will enjoy the earth. So stand up, son of Kunti, resolved to fight.",agree,,,,
BG.2.38,"safety flags: war, under18_hold; random sample",Krishna,"सुखदुःखे समे कृत्वा लाभालाभौ जयाजयौ ।
ततो युद्धाय युज्यस्व नैवं पापमवाप्स्यसि ॥","sukhaduḥkhe same kṛtvā lābhālābhau jayājayau |
tato yuddhāya yujyasva naivaṃ pāpamavāpsyasi ||","Treating pleasure and pain, gain and loss, victory and defeat as the same, prepare yourself for battle. Then you will incur no sin.",agree,,,,
BG.2.40,random sample,Krishna,"नेहाभिक्रमनाशोऽस्ति प्रत्यवायो न विद्यते ।
स्वल्पमप्यस्य धर्मस्य त्रायते महतो भयात् ॥","nehābhikramanāśo'sti pratyavāyo na vidyate |
svalpamapyasya dharmasya trāyate mahato bhayāt ||",On this path no effort is wasted and no harm comes from falling short. Even a little of this practice protects a person from great fear.,agree,,,,
BG.2.42,Codex disagrees,Krishna,"यामिमां पुष्पितां वाचं प्रवदन्त्यविपश्चितः ।
वेदवादरताः पार्थ नान्यदस्तीति वादिनः ॥","yāmimāṃ puṣpitāṃ vācaṃ pravadantyavipaścitaḥ |
vedavādaratāḥ pārtha nānyadastīti vādinaḥ ||","The unwise, son of Pritha, who delight in the letter of the Vedas and claim there is nothing more, speak flowery words",disagree,“The letter of the Vedas” suggests literalism or a letter-versus-spirit contrast that is not stated by vedavādaratāḥ.,"The unwise delight in Vedic words or doctrine, speak this flowery speech, and maintain that nothing else exists.",,
BG.2.44,random sample,Krishna,"भोगैश्वर्यप्रसक्तानां तयापहृतचेतसाम् ।
व्यवसायात्मिका बुद्धिः समाधौ न विधीयते ॥","bhogaiśvaryaprasaktānāṃ tayāpahṛtacetasām |
vyavasāyātmikā buddhiḥ samādhau na vidhīyate ||","Those who cling to pleasure and power, their minds carried away by such words, do not develop the resolute understanding that rests in deep concentration.",agree,,,,
BG.2.49,Codex disagrees,Krishna,"दूरेण ह्यवरं कर्म बुद्धियोगाद्धनंजय ।
बुद्धौ शरणमन्विच्छ कृपणाः फलहेतवः ॥","dūreṇa hyavaraṃ karma buddhiyogāddhanaṃjaya |
buddhau śaraṇamanviccha kṛpaṇāḥ phalahetavaḥ ||","Action done for its results is far inferior to the discipline of understanding, Arjuna. Seek refuge in that understanding; those whose motive is the result are pitiable.",disagree,The qualifier “done for its results” is not attached to “action” in the Sanskrit and narrows the first statement interpretively.,"Action is far inferior to the discipline of understanding; seek refuge in understanding, for those who make the fruit their motive are pitiable.",,
BG.2.54,random sample,Arjuna,"स्थितप्रज्ञस्य का भाषा समाधिस्थस्य केशव ।
स्थितधीः किं प्रभाषेत किमासीत व्रजेत किम् ॥","sthitaprajñasya kā bhāṣā samādhisthasya keśava |
sthitadhīḥ kiṃ prabhāṣeta kimāsīta vrajeta kim ||","Krishna, how would you describe a person of steady wisdom, settled in deep concentration? How does someone of steady mind speak, how do they sit, how do they move?",agree,,,,
BG.2.55,random sample,Krishna,"प्रजहाति यदा कामान्सर्वान्पार्थ मनोगतान् ।
आत्मन्येवात्मना तुष्टः स्थितप्रज्ञस्तदोच्यते ॥","prajahāti yadā kāmānsarvānpārtha manogatān |
ātmanyevātmanā tuṣṭaḥ sthitaprajñastadocyate ||","Son of Pritha, when a person gives up every desire that enters the mind and is content in the self, by the self, that person is said to be of steady wisdom.",agree,,,,
BG.2.69,random sample,Krishna,"या निशा सर्वभूतानां तस्यां जागर्ति संयमी ।
यस्यां जाग्रति भूतानि सा निशा पश्यतो मुनेः ॥","yā niśā sarvabhūtānāṃ tasyāṃ jāgarti saṃyamī |
yasyāṃ jāgrati bhūtāni sā niśā paśyato muneḥ ||","What is night for all beings is the time of waking for the self-controlled; and when other beings are awake, that is night for the sage who truly sees.",agree,,,,
BG.2.72,Codex disagrees; safety flags: death,Krishna,"एषा ब्राह्मी स्थितिः पार्थ नैनां प्राप्य विमुह्यति ।
स्थित्वास्यामन्तकालेऽपि ब्रह्मनिर्वाणमृच्छति ॥","eṣā brāhmī sthitiḥ pārtha naināṃ prāpya vimuhyati |
sthitvāsyāmantakāle'pi brahmanirvāṇamṛcchati ||","This is the state of Brahman, son of Pritha. Having reached it, a person is never deluded again; remaining in it even at the hour of death, they attain the peace of Brahman.",disagree,"“The peace of Brahman” softens and alters brahmanirvāṇa, which denotes final extinction or liberation in Brahman rather than merely peace.","Remaining in this state even at the time of death, a person attains nirvana in Brahman.",,
BG.3.1,safety flags: war,Arjuna,"ज्यायसी चेत्कर्मणस्ते मता बुद्धिर्जनार्दन ।
तत्किं कर्मणि घोरे मां नियोजयसि केशव ॥","jyāyasī cetkarmaṇaste matā buddhirjanārdana |
tatkiṃ karmaṇi ghore māṃ niyojayasi keśava ||","Krishna, if you think that understanding is better than action, then why do you urge me into this terrible action?",agree,,,,
BG.3.6,safety flags: distress_gentle,Krishna,"कर्मेन्द्रियाणि संयम्य य आस्ते मनसा स्मरन् ।
इन्द्रियार्थान्विमूढात्मा मिथ्याचारः स उच्यते ॥","karmendriyāṇi saṃyamya ya āste manasā smaran |
indriyārthānvimūḍhātmā mithyācāraḥ sa ucyate ||","One who holds back the organs of action but sits dwelling in the mind on the objects of the senses is deluded, and is called a hypocrite.",agree,,,,
BG.3.9,random sample,Krishna,"यज्ञार्थात्कर्मणोऽन्यत्र लोकोऽयं कर्मबन्धनः ।
तदर्थं कर्म कौन्तेय मुक्तसङ्गः समाचर ॥","yajñārthātkarmaṇo'nyatra loko'yaṃ karmabandhanaḥ |
tadarthaṃ karma kaunteya muktasaṅgaḥ samācara ||","This world is bound by action, except for action done as sacrifice. So, son of Kunti, act for that purpose, free of attachment.",agree,,,,
BG.3.15,Codex disagrees,Krishna,"कर्म ब्रह्मोद्भवं विद्धि ब्रह्माक्षरसमुद्भवम् ।
तस्मात्सर्वगतं ब्रह्म नित्यं यज्ञे प्रतिष्ठितम् ॥","karma brahmodbhavaṃ viddhi brahmākṣarasamudbhavam |
tasmātsarvagataṃ brahma nityaṃ yajñe pratiṣṭhitam ||","Know that action arises from Brahman, and Brahman arises from the Imperishable. So the all-pervading Brahman is always established in sacrifice.",disagree,"Here brahma refers to the Veda or sacred revelation, not to Brahman as the ultimate reality. Rendering it as “Brahman” makes Brahman arise from a separate Imperishable and obscures the verse’s sequence.","Know that action arises from the Veda, and the Veda arises from the Imperishable; therefore the all-pervading Veda is always established in sacrifice.",,
BG.3.16,safety flags: distress_gentle,Krishna,"एवं प्रवर्तितं चक्रं नानुवर्तयतीह यः ।
अघायुरिन्द्रियारामो मोघं पार्थ स जीवति ॥","evaṃ pravartitaṃ cakraṃ nānuvartayatīha yaḥ |
aghāyurindriyārāmo moghaṃ pārtha sa jīvati ||","Whoever does not keep turning the wheel set in motion in this way, son of Pritha, lives in vain, a sinful life of pleasing the senses.",agree,,,,
BG.3.18,random sample,Krishna,"नैव तस्य कृतेनार्थो नाकृतेनेह कश्चन ।
न चास्य सर्वभूतेषु कश्चिदर्थव्यपाश्रयः ॥","naiva tasya kṛtenārtho nākṛteneha kaścana |
na cāsya sarvabhūteṣu kaścidarthavyapāśrayaḥ ||","Such a person has nothing to gain in this world by acting and nothing to lose by not acting, and depends on no being for anything.",agree,,,,
BG.3.30,"safety flags: war, under18_hold",Krishna,"मयि सर्वाणि कर्माणि संन्यस्याध्यात्मचेतसा ।
निराशीर्निर्ममो भूत्वा युध्यस्व विगतज्वरः ॥","mayi sarvāṇi karmāṇi saṃnyasyādhyātmacetasā |
nirāśīrnirmamo bhūtvā yudhyasva vigatajvaraḥ ||","Surrendering all actions to me, with your mind on the self, free of desire and of any sense of 'mine', fight, with your fever of distress gone.",agree,,,,
BG.3.32,safety flags: distress_gentle,Krishna,"ये त्वेतदभ्यसूयन्तो नानुतिष्ठन्ति मे मतम् ।
सर्वज्ञानविमूढांस्तान्विद्धि नष्टानचेतसः ॥","ye tvetadabhyasūyanto nānutiṣṭhanti me matam |
sarvajñānavimūḍhāṃstānviddhi naṣṭānacetasaḥ ||","But those who find fault with my teaching and do not follow it, know them to be confused about all knowledge, lost and without understanding.",agree,,,,
BG.3.35,"safety flags: death, under18_hold",Krishna,"श्रेयान्स्वधर्मो विगुणः परधर्मात्स्वनुष्ठितात् ।
स्वधर्मे निधनं श्रेयः परधर्मो भयावहः ॥","śreyānsvadharmo viguṇaḥ paradharmātsvanuṣṭhitāt |
svadharme nidhanaṃ śreyaḥ paradharmo bhayāvahaḥ ||",Better your own duty done imperfectly than another's duty done well. Better to die in your own duty; another's duty is full of danger.,agree,,,,
BG.3.37,Codex disagrees,Krishna,"काम एष क्रोध एष रजोगुणसमुद्भवः ।
महाशनो महापाप्मा विद्ध्येनमिह वैरिणम् ॥","kāma eṣa krodha eṣa rajoguṇasamudbhavaḥ |
mahāśano mahāpāpmā viddhyenamiha vairiṇam ||","It is desire; it is anger, born of the guna of rajas. All-devouring and deeply harmful, know it to be the enemy here.",disagree,"“Deeply harmful” softens mahāpāpmā, which describes desire as greatly evil or a great source of sin, not merely harmful.","This is desire, this is anger, born from the guna of rajas; it is all-devouring and greatly evil. Know it here as the enemy.",,
BG.4.8,safety flags: war,Krishna,"परित्राणाय साधूनां विनाशाय च दुष्कृताम् ।
धर्मसंस्थापनार्थाय सम्भवामि युगे युगे ॥","paritrāṇāya sādhūnāṃ vināśāya ca duṣkṛtām |
dharmasaṃsthāpanārthāya sambhavāmi yuge yuge ||","To protect the good, to destroy those who do evil, and to establish dharma firmly, I come into being age after age.",agree,,,,
BG.4.9,safety flags: death,Krishna,"जन्म कर्म च मे दिव्यमेवं यो वेत्ति तत्त्वतः ।
त्यक्त्वा देहं पुनर्जन्म नैति मामेति सोऽर्जुन ॥","janma karma ca me divyamevaṃ yo vetti tattvataḥ |
tyaktvā dehaṃ punarjanma naiti māmeti so'rjuna ||","One who truly knows my divine birth and actions in this way is not born again on leaving the body, Arjuna, but comes to me.",agree,,,,
BG.4.11,Codex disagrees,Krishna,"ये यथा मां प्रपद्यन्ते तांस्तथैव भजाम्यहम् ।
मम वर्त्मानुवर्तन्ते मनुष्याः पार्थ सर्वशः ॥","ye yathā māṃ prapadyante tāṃstathaiva bhajāmyaham |
mama vartmānuvartante manuṣyāḥ pārtha sarvaśaḥ ||","However people approach me, so I receive them. Everywhere, son of Pritha, people follow my path.",disagree,"“Everywhere” makes sarvaśaḥ spatial, whereas it means “in every way.” Also, bhajāmi here means that Krishna responds to or reciprocates with people in the same manner as they approach him, not merely that he receives them.","As people approach me, so in that very manner I respond to them; people follow my path in every way, O son of Pritha.",,
BG.4.12,random sample,Krishna,"काङ्क्षन्तः कर्मणां सिद्धिं यजन्त इह देवताः ।
क्षिप्रं हि मानुषे लोके सिद्धिर्भवति कर्मजा ॥","kāṅkṣantaḥ karmaṇāṃ siddhiṃ yajanta iha devatāḥ |
kṣipraṃ hi mānuṣe loke siddhirbhavati karmajā ||","Wanting success from their actions, people here worship the gods, because in the human world success born of action comes quickly.",agree,,,,
BG.4.13,safety flags: caste_gender,Krishna,"चातुर्वर्ण्यं मया सृष्टं गुणकर्मविभागशः ।
तस्य कर्तारमपि मां विद्ध्यकर्तारमव्ययम् ॥","cāturvarṇyaṃ mayā sṛṣṭaṃ guṇakarmavibhāgaśaḥ |
tasya kartāramapi māṃ viddhyakartāramavyayam ||","The four varnas were created by me according to the division of qualities and actions. Though I am their maker, know me as the non-doer, the unchanging.",agree,,,,
BG.4.16,Codex disagrees,Krishna,"किं कर्म किमकर्मेति कवयोऽप्यत्र मोहिताः ।
तत्ते कर्म प्रवक्ष्यामि यज्ज्ञात्वा मोक्ष्यसेऽशुभात् ॥","kiṃ karma kimakarmeti kavayo'pyatra mohitāḥ |
tatte karma pravakṣyāmi yajjñātvā mokṣyase'śubhāt ||","What is action? What is inaction? Even the wise are confused about this. I will explain action to you; knowing it, you will be freed from harm.",disagree,"“Harm” softens and changes aśubha, which here denotes evil or what is inauspicious, rather than harm in general.","I will explain action to you; knowing it, you will be freed from evil.",,
BG.4.21,"safety flags: renunciation, under18_hold",Krishna,"निराशीर्यतचित्तात्मा त्यक्तसर्वपरिग्रहः ।
शारीरं केवलं कर्म कुर्वन्नाप्नोति किल्बिषम् ॥","nirāśīryatacittātmā tyaktasarvaparigrahaḥ |
śārīraṃ kevalaṃ karma kurvannāpnoti kilbiṣam ||","Without expectations, with mind and body controlled, having given up all possessions, doing only what the body requires, one incurs no fault.",agree,,,,
BG.4.24,Codex disagrees; random sample,Krishna,"ब्रह्मार्पणं ब्रह्म हविर्ब्रह्माग्नौ ब्रह्मणा हुतम् ।
ब्रह्मैव तेन गन्तव्यं ब्रह्मकर्मसमाधिना ॥","brahmārpaṇaṃ brahma havirbrahmāgnau brahmaṇā hutam |
brahmaiva tena gantavyaṃ brahmakarmasamādhinā ||","The act of offering is Brahman, the offering is Brahman, poured by Brahman into the fire that is Brahman. Brahman is reached by one who sees Brahman in every action.",disagree,The final phrase replaces samādhi—absorption or concentration in action as Brahman—with the looser and expanded idea of seeing Brahman “in every action.”,Brahman alone is to be reached by one whose absorption is in action as Brahman.,,
BG.4.32,Codex disagrees,Krishna,"एवं बहुविधा यज्ञा वितता ब्रह्मणो मुखे ।
कर्मजान्विद्धि तान्सर्वानेवं ज्ञात्वा विमोक्ष्यसे ॥","evaṃ bahuvidhā yajñā vitatā brahmaṇo mukhe |
karmajānviddhi tānsarvānevaṃ jñātvā vimokṣyase ||","So many kinds of sacrifice are spread out before Brahman. Know them all to be born of action; knowing this, you will be set free.",disagree,"“Before Brahman” mistranslates brahmaṇo mukhe, literally “in the mouth of Brahman,” commonly understood here as “in the Veda.”",Thus sacrifices of many kinds are spread out in the mouth of Brahman; know them all to be born of action.,,
BG.4.39,Codex disagrees,Krishna,"श्रद्धावाँल्लभते ज्ञानं तत्परः संयतेन्द्रियः ।
ज्ञानं लब्ध्वा परां शान्तिमचिरेणाधिगच्छति ॥","śraddhāvām̐llabhate jñānaṃ tatparaḥ saṃyatendriyaḥ |
jñānaṃ labdhvā parāṃ śāntimacireṇādhigacchati ||","One who has faith, who is devoted to it and has mastered the senses, gains knowledge; having gained knowledge, one soon reaches supreme peace.",disagree,"The pronoun “it” makes the person devoted to faith, whereas tatparaḥ refers to being intent on or devoted to the knowledge or goal in question.","One who has faith, is intent on that knowledge or goal, and has controlled the senses gains knowledge and soon attains supreme peace.",,
BG.4.40,safety flags: distress_gentle,Krishna,"अज्ञश्चाश्रद्दधानश्च संशयात्मा विनश्यति ।
नायं लोकोऽस्ति न परो न सुखं संशयात्मनः ॥","ajñaścāśraddadhānaśca saṃśayātmā vinaśyati |
nāyaṃ loko'sti na paro na sukhaṃ saṃśayātmanaḥ ||","But the ignorant, the faithless and the doubting perish; for one who doubts, there is neither this world, nor the next, nor happiness.",agree,,,,
BG.4.42,"safety flags: war, under18_hold",Krishna,"तस्मादज्ञानसम्भूतं हृत्स्थं ज्ञानासिनात्मनः ।
छित्त्वैनं संशयं योगमातिष्ठोत्तिष्ठ भारत ॥","tasmādajñānasambhūtaṃ hṛtsthaṃ jñānāsinātmanaḥ |
chittvainaṃ saṃśayaṃ yogamātiṣṭhottiṣṭha bhārata ||","So, with the sword of knowledge, cut away this doubt about the self, born of ignorance and lodged in your heart; take up yoga, and stand up, Arjuna.",agree,,,,
BG.5.12,random sample,Krishna,"युक्तः कर्मफलं त्यक्त्वा शान्तिमाप्नोति नैष्ठिकीम् ।
अयुक्तः कामकारेण फले सक्तो निबध्यते ॥","yuktaḥ karmaphalaṃ tyaktvā śāntimāpnoti naiṣṭhikīm |
ayuktaḥ kāmakāreṇa phale sakto nibadhyate ||","The disciplined, giving up the fruit of action, attain lasting peace; the undisciplined, driven by desire and attached to the fruit, are bound.",agree,,,,
BG.5.18,safety flags: caste_gender,Krishna,"विद्याविनयसंपन्ने ब्राह्मणे गवि हस्तिनि ।
शुनि चैव श्वपाके च पण्डिताः समदर्शिनः ॥","vidyāvinayasaṃpanne brāhmaṇe gavi hastini |
śuni caiva śvapāke ca paṇḍitāḥ samadarśinaḥ ||","The wise see the same in a brahmin rich in learning and humility, in a cow, an elephant, a dog, and an outcaste who eats dogs.",agree,,,,
BG.6.2,Codex disagrees,Krishna,"यं संन्यासमिति प्राहुर्योगं तं विद्धि पाण्डव ।
न ह्यसंन्यस्तसंकल्पो योगी भवति कश्चन ॥","yaṃ saṃnyāsamiti prāhuryogaṃ taṃ viddhi pāṇḍava |
na hyasaṃnyastasaṃkalpo yogī bhavati kaścana ||","What they call renunciation, know that to be yoga, son of Pandu; for no one becomes a yogi without renouncing selfish intentions.",disagree,"“Selfish” is an added qualification: saṅkalpa means resolves, intentions, conceptions, or desires, without itself specifying selfishness.",No one becomes a yogi without renouncing resolves or desires.,,
BG.6.4,Codex disagrees,Krishna,"यदा हि नेन्द्रियार्थेषु न कर्मस्वनुषज्जते ।
सर्वसंकल्पसंन्यासी योगारूढस्तदोच्यते ॥","yadā hi nendriyārtheṣu na karmasvanuṣajjate |
sarvasaṃkalpasaṃnyāsī yogārūḍhastadocyate ||","When a person is not attached to the objects of the senses or to actions, and has renounced all selfish intentions, they are said to have risen to yoga.",disagree,"“Selfish” improperly narrows sarvasaṅkalpa: the verse says that all resolves, intentions, or desires have been renounced, not merely selfish ones.","When one is attached neither to sense objects nor to actions and has renounced all resolves or desires, one is said to have risen to yoga.",,
BG.6.5,Codex disagrees; safety flags: distress_gentle,Krishna,"उद्धरेदात्मनात्मानं नात्मानमवसादयेत् ।
आत्मैव ह्यात्मनो बन्धुरात्मैव रिपुरात्मनः ॥","uddharedātmanātmānaṃ nātmānamavasādayet |
ātmaiva hyātmano bandhurātmaiva ripurātmanaḥ ||","Lift yourself up by your own effort, and do not let yourself sink. You alone are your own friend, and you alone are your own enemy.",disagree,“By your own effort” replaces the verse’s repeated and significant ātman language with an interpretation; effort is not stated in the Sanskrit.,"One should raise the self by the self and should not degrade the self, for the self alone is the self’s friend and the self alone is the self’s enemy.",,
BG.6.6,safety flags: distress_gentle,Krishna,"बन्धुरात्मात्मनस्तस्य येनात्मैवात्मना जितः ।
अनात्मनस्तु शत्रुत्वे वर्तेतात्मैव शत्रुवत् ॥","bandhurātmātmanastasya yenātmaivātmanā jitaḥ |
anātmanastu śatrutve vartetātmaiva śatruvat ||","For one who has conquered themselves, the self is a friend; but for one who has not, the self acts with hostility, like an enemy.",agree,,,,
BG.6.8,random sample,Krishna,"ज्ञानविज्ञानतृप्तात्मा कूटस्थो विजितेन्द्रियः ।
युक्त इत्युच्यते योगी समलोष्टाश्मकाञ्चनः ॥","jñānavijñānatṛptātmā kūṭastho vijitendriyaḥ |
yukta ityucyate yogī samaloṣṭāśmakāñcanaḥ ||","The yogi who is satisfied with knowledge and wisdom, unshakable, with senses mastered, to whom a lump of earth, a stone and gold are the same, is called disciplined.",agree,,,,
BG.6.10,"safety flags: renunciation, under18_hold",Krishna,"योगी युञ्जीत सततमात्मानं रहसि स्थितः ।
एकाकी यतचित्तात्मा निराशीरपरिग्रहः ॥","yogī yuñjīta satatamātmānaṃ rahasi sthitaḥ |
ekākī yatacittātmā nirāśīraparigrahaḥ ||","The yogi should constantly practise concentration, staying in a secluded place, alone, with mind and body controlled, without expectations and without possessions.",agree,,,,
BG.6.17,random sample,Krishna,"युक्ताहारविहारस्य युक्तचेष्टस्य कर्मसु ।
युक्तस्वप्नावबोधस्य योगो भवति दुःखहा ॥","yuktāhāravihārasya yuktaceṣṭasya karmasu |
yuktasvapnāvabodhasya yogo bhavati duḥkhahā ||","For one who is moderate in eating and recreation, measured in effort at work, and moderate in sleep and waking, yoga becomes the destroyer of sorrow.",agree,,,,
BG.6.19,random sample,Krishna,"यथा दीपो निवातस्थो नेङ्गते सोपमा स्मृता ।
योगिनो यतचित्तस्य युञ्जतो योगमात्मनः ॥","yathā dīpo nivātastho neṅgate sopamā smṛtā |
yogino yatacittasya yuñjato yogamātmanaḥ ||","""A lamp in a windless place does not flicker"": that is the comparison used for the yogi of controlled mind, practising the yoga of the self.",agree,,,,
BG.6.24,Codex disagrees,Krishna,"संकल्पप्रभवान्कामांस्त्यक्त्वा सर्वानशेषतः ।
मनसैवेन्द्रियग्रामं विनियम्य समन्ततः ॥","saṃkalpaprabhavānkāmāṃstyaktvā sarvānaśeṣataḥ |
manasaivendriyagrāmaṃ viniyamya samantataḥ ||","Giving up completely all desires born of selfish intention, and restraining the whole range of the senses on every side by the mind alone,",disagree,“Selfish” is an interpretive addition: saṃkalpa does not itself mean selfish intention.,"One should completely abandon all desires born of mental conception, intention, or resolve, and restrain the entire group of senses on every side by the mind alone.",,
BG.6.28,random sample,Krishna,"युञ्जन्नेवं सदात्मानं योगी विगतकल्मषः ।
सुखेन ब्रह्मसंस्पर्शमत्यन्तं सुखमश्नुते ॥","yuñjannevaṃ sadātmānaṃ yogī vigatakalmaṣaḥ |
sukhena brahmasaṃsparśamatyantaṃ sukhamaśnute ||","Always practising in this way, the yogi, freed from impurity, easily attains the boundless happiness of contact with Brahman.",agree,,,,
BG.6.38,random sample,Arjuna,"कच्चिन्नोभयविभ्रष्टश्छिन्नाभ्रमिव नश्यति ।
अप्रतिष्ठो महाबाहो विमूढो ब्रह्मणः पथि ॥","kaccinnobhayavibhraṣṭaśchinnābhramiva naśyati |
apratiṣṭho mahābāho vimūḍho brahmaṇaḥ pathi ||","Fallen from both, does such a person not perish like a scattered cloud, without support, mighty-armed one, lost on the path to Brahman?",agree,,,,
BG.6.39,random sample,Arjuna,"एतन्मे संशयं कृष्ण छेत्तुमर्हस्यशेषतः ।
त्वदन्यः संशयस्यास्य छेत्ता न ह्युपपद्यते ॥","etanme saṃśayaṃ kṛṣṇa chettumarhasyaśeṣataḥ |
tvadanyaḥ saṃśayasyāsya chettā na hyupapadyate ||","Krishna, please dispel this doubt of mine completely; no one but you can dispel it.",agree,,,,
BG.7.15,safety flags: distress_gentle,Krishna,"न मां दुष्कृतिनो मूढाः प्रपद्यन्ते नराधमाः ।
माययापहृतज्ञाना आसुरं भावमाश्रिताः ॥","na māṃ duṣkṛtino mūḍhāḥ prapadyante narādhamāḥ |
māyayāpahṛtajñānā āsuraṃ bhāvamāśritāḥ ||","Evildoers, the deluded, the lowest of people, whose knowledge is stolen by māyā and who have taken on a demonic nature, do not take refuge in me.",agree,,,,
BG.7.29,safety flags: death,Krishna,"जरामरणमोक्षाय मामाश्रित्य यतन्ति ये ।
ते ब्रह्म तद्विदुः कृत्स्नमध्यात्मं कर्म चाखिलम् ॥","jarāmaraṇamokṣāya māmāśritya yatanti ye |
te brahma tadviduḥ kṛtsnamadhyātmaṃ karma cākhilam ||","Those who take refuge in me and strive for freedom from old age and death know Brahman fully, the inner self, and all of action.",agree,,,,
BG.7.30,safety flags: death,Krishna,"साधिभूताधिदैवं मां साधियज्ञं च ये विदुः ।
प्रयाणकालेऽपि च मां ते विदुर्युक्तचेतसः ॥","sādhibhūtādhidaivaṃ māṃ sādhiyajñaṃ ca ye viduḥ |
prayāṇakāle'pi ca māṃ te viduryuktacetasaḥ ||","Those who know me in relation to beings, to the gods and to sacrifice, their minds disciplined, know me even at the hour of death.",agree,,,,
BG.8.2,safety flags: death,Arjuna,"अधियज्ञः कथं कोऽत्र देहेऽस्मिन्मधुसूदन ।
प्रयाणकाले च कथं ज्ञेयोऽसि नियतात्मभिः ॥","adhiyajñaḥ kathaṃ ko'tra dehe'sminmadhusūdana |
prayāṇakāle ca kathaṃ jñeyo'si niyatātmabhiḥ ||","Who is the lord of sacrifice here in this body, and how, Krishna? And how are you to be known at the hour of death by those who are self-controlled?",agree,,,,
BG.8.5,safety flags: death,Krishna,"अन्तकाले च मामेव स्मरन्मुक्त्वा कलेवरम् ।
यः प्रयाति स मद्भावं याति नास्त्यत्र संशयः ॥","antakāle ca māmeva smaranmuktvā kalevaram |
yaḥ prayāti sa madbhāvaṃ yāti nāstyatra saṃśayaḥ ||",Whoever leaves the body at the time of death remembering me alone comes to my state of being; there is no doubt about this.,agree,,,,
BG.8.6,safety flags: death,Krishna,"यं यं वापि स्मरन्भावं त्यजत्यन्ते कलेवरम् ।
तं तमेवैति कौन्तेय सदा तद्भावभावितः ॥","yaṃ yaṃ vāpi smaranbhāvaṃ tyajatyante kalevaram |
taṃ tamevaiti kaunteya sadā tadbhāvabhāvitaḥ ||","Whatever state of being a person remembers when leaving the body at the end, son of Kunti, to that state they go, having always been absorbed in it.",agree,,,,
BG.8.7,"safety flags: war, under18_hold",Krishna,"तस्मात्सर्वेषु कालेषु मामनुस्मर युध्य च ।
मय्यर्पितमनोबुद्धिर्मामेवैष्यस्यसंशयम् ॥","tasmātsarveṣu kāleṣu māmanusmara yudhya ca |
mayyarpitamanobuddhirmāmevaiṣyasyasaṃśayam ||","So at all times remember me, and fight. With your mind and intellect offered to me, you will surely come to me.",agree,,,,
BG.8.10,safety flags: death,Krishna,"प्रयाणकाले मनसाचलेन ।
भक्त्या युक्तो योगबलेन चैव ।
भ्रुवोर्मध्ये प्राणमावेश्य सम्यक् ।
स तं परं पुरुषमुपैति दिव्यम् ॥","prayāṇakāle manasācalena |
bhaktyā yukto yogabalena caiva |
bhruvormadhye prāṇamāveśya samyak |
sa taṃ paraṃ puruṣamupaiti divyam ||","at the time of death, with an unmoving mind, joined with devotion and the strength of yoga, setting the life-breath fully between the eyebrows, reaches that supreme divine Person.",agree,,,,
BG.8.12,safety flags: death,Krishna,"सर्वद्वाराणि संयम्य मनो हृदि निरुध्य च ।
मूर्ध्न्याधायात्मनः प्राणमास्थितो योगधारणाम् ॥","sarvadvārāṇi saṃyamya mano hṛdi nirudhya ca |
mūrdhnyādhāyātmanaḥ prāṇamāsthito yogadhāraṇām ||","Closing all the gates of the body, holding the mind in the heart, drawing the life-breath into the head, established in yogic concentration,",agree,,,,
BG.8.13,safety flags: death,Krishna,"ओमित्येकाक्षरं ब्रह्म व्याहरन्मामनुस्मरन् ।
यः प्रयाति त्यजन्देहं स याति परमां गतिम् ॥","omityekākṣaraṃ brahma vyāharanmāmanusmaran |
yaḥ prayāti tyajandehaṃ sa yāti paramāṃ gatim ||","uttering Om, the one-syllable Brahman, and remembering me, whoever departs, leaving the body, reaches the highest goal.",agree,,,,
BG.8.19,random sample,Krishna,"भूतग्रामः स एवायं भूत्वा भूत्वा प्रलीयते ।
रात्र्यागमेऽवशः पार्थ प्रभवत्यहरागमे ॥","bhūtagrāmaḥ sa evāyaṃ bhūtvā bhūtvā pralīyate |
rātryāgame'vaśaḥ pārtha prabhavatyaharāgame ||","This same multitude of beings, coming into being again and again, dissolves helplessly at the coming of night, son of Pritha, and arises again at the coming of day.",agree,,,,
BG.8.21,random sample,Krishna,"अव्यक्तोऽक्षर इत्युक्तस्तमाहुः परमां गतिम् ।
यं प्राप्य न निवर्तन्ते तद्धाम परमं मम ॥","avyakto'kṣara ityuktastamāhuḥ paramāṃ gatim |
yaṃ prāpya na nivartante taddhāma paramaṃ mama ||",This unmanifest is called the Imperishable; it is called the highest goal. Those who reach it do not return: that is my supreme abode.,agree,,,,
BG.8.23,safety flags: death,Krishna,"यत्र काले त्वनावृत्तिमावृत्तिं चैव योगिनः ।
प्रयाता यान्ति तं कालं वक्ष्यामि भरतर्षभ ॥","yatra kāle tvanāvṛttimāvṛttiṃ caiva yoginaḥ |
prayātā yānti taṃ kālaṃ vakṣyāmi bharatarṣabha ||","Now I will tell you, best of the Bharatas, of the times at which yogis who depart either do not return or do return.",agree,,,,
BG.8.24,safety flags: death,Krishna,"अग्निर्ज्योतिरहः शुक्लः षण्मासा उत्तरायणम् ।
तत्र प्रयाता गच्छन्ति ब्रह्म ब्रह्मविदो जनाः ॥","agnirjyotirahaḥ śuklaḥ ṣaṇmāsā uttarāyaṇam |
tatra prayātā gacchanti brahma brahmavido janāḥ ||","Fire, light, day, the bright half of the month, the six months of the sun's northern course: departing by these, people who know Brahman go to Brahman.",agree,,,,
BG.8.25,safety flags: death,Krishna,"धूमो रात्रिस्तथा कृष्णः षण्मासा दक्षिणायनम् ।
तत्र चान्द्रमसं ज्योतिर्योगी प्राप्य निवर्तते ॥","dhūmo rātristathā kṛṣṇaḥ ṣaṇmāsā dakṣiṇāyanam |
tatra cāndramasaṃ jyotiryogī prāpya nivartate ||","Smoke, night, the dark half of the month, the six months of the sun's southern course: by these the yogi reaches the light of the moon and returns.",agree,,,,
BG.8.26,safety flags: death,Krishna,"शुक्लकृष्णे गती ह्येते जगतः शाश्वते मते ।
एकया यात्यनावृत्तिमन्ययावर्तते पुनः ॥","śuklakṛṣṇe gatī hyete jagataḥ śāśvate mate |
ekayā yātyanāvṛttimanyayāvartate punaḥ ||","These two paths, the bright and the dark, are held to be the world's eternal ways: by one a person goes and does not return; by the other a person comes back again.",agree,,,,
BG.9.3,random sample,Krishna,"अश्रद्दधानाः पुरुषा धर्मस्यास्य परन्तप ।
अप्राप्य मां निवर्तन्ते मृत्युसंसारवर्त्मनि ॥","aśraddadhānāḥ puruṣā dharmasyāsya parantapa |
aprāpya māṃ nivartante mṛtyusaṃsāravartmani ||","People who have no faith in this dharma, scorcher of enemies, do not reach me but return to the path of death and worldly existence.",agree,,,,
BG.9.12,safety flags: distress_gentle,Krishna,"मोघाशा मोघकर्माणो मोघज्ञाना विचेतसः ।
राक्षसीमासुरीं चैव प्रकृतिं मोहिनीं श्रिताः ॥","moghāśā moghakarmāṇo moghajñānā vicetasaḥ |
rākṣasīmāsurīṃ caiva prakṛtiṃ mohinīṃ śritāḥ ||","Their hopes in vain, their actions in vain, their knowledge in vain, senseless, they take on the deluding nature of rakshasas and asuras.",agree,,,,
BG.9.19,safety flags: death,Krishna,"तपाम्यहमहं वर्षं निगृह्णाम्युत्सृजामि च ।
अमृतं चैव मृत्युश्च सदसच्चाहमर्जुन ॥","tapāmyahamahaṃ varṣaṃ nigṛhṇāmyutsṛjāmi ca |
amṛtaṃ caiva mṛtyuśca sadasaccāhamarjuna ||","I give heat; I hold back the rain and send it forth. I am immortality and also death, being and non-being, Arjuna.",agree,,,,
BG.9.31,Codex disagrees,Krishna,"क्षिप्रं भवति धर्मात्मा शश्वच्छान्तिं निगच्छति ।
कौन्तेय प्रति जानीहि न मे भक्तः प्रणश्यति ॥","kṣipraṃ bhavati dharmātmā śaśvacchāntiṃ nigacchati |
kaunteya prati jānīhi na me bhaktaḥ praṇaśyati ||","They quickly become righteous and attain lasting peace. Know this for certain, son of Kunti: my devotee never perishes.",disagree,"The imperative pratijānīhi tells Arjuna to declare or affirm this, not merely to know it for certain.","O son of Kunti, declare: “My devotee never perishes.”",,
BG.9.32,safety flags: caste_gender,Krishna,"मां हि पार्थ व्यपाश्रित्य येऽपि स्युः पापयोनयः ।
स्त्रियो वैश्यास्तथा शूद्रास्तेऽपि यान्ति परां गतिम् ॥","māṃ hi pārtha vyapāśritya ye'pi syuḥ pāpayonayaḥ |
striyo vaiśyāstathā śūdrāste'pi yānti parāṃ gatim ||","For those who take refuge in me, son of Pritha, even those of sinful birth, women, vaishyas and shudras, they too reach the highest goal.",agree,,,,
BG.9.33,safety flags: caste_gender,Krishna,"किं पुनर्ब्राह्मणाः पुण्या भक्ता राजर्षयस्तथा ।
अनित्यमसुखं लोकमिमं प्राप्य भजस्व माम् ॥","kiṃ punarbrāhmaṇāḥ puṇyā bhaktā rājarṣayastathā |
anityamasukhaṃ lokamimaṃ prāpya bhajasva mām ||","How much more, then, holy brahmins and devoted royal sages! Having come to this impermanent, joyless world, worship me.",agree,,,,
BG.10.12,random sample,Arjuna,"परं ब्रह्म परं धाम पवित्रं परमं भवान् ।
पुरुषं शाश्वतं दिव्यमादिदेवमजं विभुम् ॥","paraṃ brahma paraṃ dhāma pavitraṃ paramaṃ bhavān |
puruṣaṃ śāśvataṃ divyamādidevamajaṃ vibhum ||","You are the supreme Brahman, the supreme abode, the supreme purifier; the eternal divine Person, the first of the gods, unborn and all-pervading.",agree,,,,
BG.10.24,safety flags: war,Krishna,"पुरोधसां च मुख्यं मां विद्धि पार्थ बृहस्पतिम् ।
सेनानीनामहं स्कन्दः सरसामस्मि सागरः ॥","purodhasāṃ ca mukhyaṃ māṃ viddhi pārtha bṛhaspatim |
senānīnāmahaṃ skandaḥ sarasāmasmi sāgaraḥ ||","Among household priests, know me to be the chief, Brihaspati, son of Pritha; among generals I am Skanda; among bodies of water, the ocean.",agree,,,,
BG.10.28,safety flags: war; random sample,Krishna,"आयुधानामहं वज्रं धेनूनामस्मि कामधुक् ।
प्रजनश्चास्मि कन्दर्पः सर्पाणामस्मि वासुकिः ॥","āyudhānāmahaṃ vajraṃ dhenūnāmasmi kāmadhuk |
prajanaścāsmi kandarpaḥ sarpāṇāmasmi vāsukiḥ ||","Among weapons I am the thunderbolt; among cows, the wish-granting cow; of procreators I am Kandarpa, the god of love; among serpents I am Vasuki.",agree,,,,
BG.10.31,safety flags: war,Krishna,"पवनः पवतामस्मि रामः शस्त्रभृतामहम् ।
झषाणां मकरश्चास्मि स्रोतसामस्मि जाह्नवी ॥","pavanaḥ pavatāmasmi rāmaḥ śastrabhṛtāmaham |
jhaṣāṇāṃ makaraścāsmi srotasāmasmi jāhnavī ||","Among purifiers I am the wind; among those who bear weapons, Rama; among sea creatures, the makara; and among rivers, the Ganga.",agree,,,,
BG.10.34,safety flags: death,Krishna,"मृत्युः सर्वहरश्चाहमुद्भवश्च भविष्यताम् ।
कीर्तिः श्रीर्वाक्च नारीणां स्मृतिर्मेधा धृतिः क्षमा ॥","mṛtyuḥ sarvaharaścāhamudbhavaśca bhaviṣyatām |
kīrtiḥ śrīrvākca nārīṇāṃ smṛtirmedhā dhṛtiḥ kṣamā ||","I am all-devouring death, and the origin of all that is yet to be; among the feminine, I am fame, fortune, speech, memory, intelligence, steadfastness and forbearance.",agree,,,,
BG.11.15,random sample,Arjuna,"पश्यामि देवांस्तव देव देहे ।
सर्वांस्तथा भूतविशेषसंघान् ।
ब्रह्माणमीशं कमलासनस्थ- ।
मृषींश्च सर्वानुरगांश्च दिव्यान् ॥","paśyāmi devāṃstava deva dehe |
sarvāṃstathā bhūtaviśeṣasaṃghān |
brahmāṇamīśaṃ kamalāsanastha- |
mṛṣīṃśca sarvānuragāṃśca divyān ||","In your body, O God, I see all the gods and all the hosts of different beings; Brahma the lord, seated on the lotus, all the sages and the divine serpents.",agree,,,,
BG.11.25,Codex disagrees,Arjuna,"दंष्ट्राकरालानि च ते मुखानि ।
दृष्ट्वैव कालानलसन्निभानि ।
दिशो न जाने न लभे च शर्म ।
प्रसीद देवेश जगन्निवास ॥","daṃṣṭrākarālāni ca te mukhāni |
dṛṣṭvaiva kālānalasannibhāni |
diśo na jāne na labhe ca śarma |
prasīda deveśa jagannivāsa ||","Seeing your mouths, terrible with tusks and blazing like the fire at the end of time, I lose all sense of direction and find no comfort. Be gracious, lord of gods, refuge of the world.",disagree,"“Refuge of the world” changes the meaning of jagannivāsa, which denotes the world's abode or dwelling place, not its protector or refuge.","Be gracious, Lord of gods, abode of the world.",,
BG.11.26,"safety flags: war, death",Arjuna,"अमी च त्वां धृतराष्ट्रस्य पुत्राः ।
सर्वे सहैवावनिपालसंघैः ।
भीष्मो द्रोणः सूतपुत्रस्तथासौ ।
सहास्मदीयैरपि योधमुख्यैः ॥","amī ca tvāṃ dhṛtarāṣṭrasya putrāḥ |
sarve sahaivāvanipālasaṃghaiḥ |
bhīṣmo droṇaḥ sūtaputrastathāsau |
sahāsmadīyairapi yodhamukhyaiḥ ||","And all these sons of Dhritarashtra, together with the hosts of kings, Bhishma, Drona, and Karna too, son of the charioteer, along with the chief warriors on our own side,",agree,,,,
BG.11.27,"safety flags: war, death; random sample",Arjuna,"वक्त्राणि ते त्वरमाणा विशन्ति ।
दंष्ट्राकरालानि भयानकानि ।
केचिद्विलग्ना दशनान्तरेषु ।
संदृश्यन्ते चूर्णितैरुत्तमाङ्गैः ॥","vaktrāṇi te tvaramāṇā viśanti |
daṃṣṭrākarālāni bhayānakāni |
kecidvilagnā daśanāntareṣu |
saṃdṛśyante cūrṇitairuttamāṅgaiḥ ||","are rushing into your terrible mouths, fearsome with tusks; some are seen caught between your teeth, their heads crushed.",agree,,,,
BG.11.28,"safety flags: war, death",Arjuna,"यथा नदीनां बहवोऽम्बुवेगाः ।
समुद्रमेवाभिमुखा द्रवन्ति ।
तथा तवामी नरलोकवीरा ।
विशन्ति वक्त्राण्यभिविज्वलन्ति ॥","yathā nadīnāṃ bahavo'mbuvegāḥ |
samudramevābhimukhā dravanti |
tathā tavāmī naralokavīrā |
viśanti vaktrāṇyabhivijvalanti ||","As the many currents of rivers rush towards the ocean, so these heroes of the human world enter your blazing mouths.",agree,,,,
BG.11.29,"safety flags: war, death",Arjuna,"यथा प्रदीप्तं ज्वलनं पतङ्गा ।
विशन्ति नाशाय समृद्धवेगाः ।
तथैव नाशाय विशन्ति लोका- ।
स्तवापि वक्त्राणि समृद्धवेगाः ॥","yathā pradīptaṃ jvalanaṃ pataṅgā |
viśanti nāśāya samṛddhavegāḥ |
tathaiva nāśāya viśanti lokā- |
stavāpi vaktrāṇi samṛddhavegāḥ ||","As moths rush at full speed into a blazing fire to their destruction, so these worlds rush at full speed into your mouths to their destruction.",agree,,,,
BG.11.30,"Codex disagrees; safety flags: war, death; random sample",Arjuna,"लेलिह्यसे ग्रसमानः समन्ता- ।
ल्लोकान्समग्रान्वदनैर्ज्वलद्भिः ।
तेजोभिरापूर्य जगत्समग्रं ।
भासस्तवोग्राः प्रतपन्ति विष्णो ॥","lelihyase grasamānaḥ samantā- |
llokānsamagrānvadanairjvaladbhiḥ |
tejobhirāpūrya jagatsamagraṃ |
bhāsastavogrāḥ pratapanti viṣṇo ||","Devouring all the worlds on every side with your flaming mouths, you lick your lips; your fierce rays fill the whole universe with radiance and scorch it, Vishnu.",disagree,“You lick your lips” adds lips and the idiomatic suggestion of anticipation or relish; neither is stated.,"While devouring all the worlds on every side with his flaming mouths, he licks or laps them up; his fierce radiances fill and scorch the whole universe.",,
BG.11.32,"safety flags: war, death, under18_hold",Krishna,"कालोऽस्मि लोकक्षयकृत्प्रवृद्धो ।
लोकान्समाहर्तुमिह प्रवृत्तः ।
ऋतेऽपि त्वां न भविष्यन्ति सर्वे ।
येऽवस्थिताः प्रत्यनीकेषु योधाः ॥","kālo'smi lokakṣayakṛtpravṛddho |
lokānsamāhartumiha pravṛttaḥ |
ṛte'pi tvāṃ na bhaviṣyanti sarve |
ye'vasthitāḥ pratyanīkeṣu yodhāḥ ||","I am Time, grown mighty, the destroyer of worlds, now set on annihilating the worlds here. Even without you, none of the warriors drawn up in the opposing armies will survive.",agree,,,,
BG.11.33,"safety flags: war, death, under18_hold",Krishna,"तस्मात्त्वमुत्तिष्ठ यशो लभस्व ।
जित्वा शत्रून् भुङ्क्ष्व राज्यं समृद्धम् ।
मयैवैते निहताः पूर्वमेव ।
निमित्तमात्रं भव सव्यसाचिन् ॥","tasmāttvamuttiṣṭha yaśo labhasva |
jitvā śatrūn bhuṅkṣva rājyaṃ samṛddham |
mayaivaite nihatāḥ pūrvameva |
nimittamātraṃ bhava savyasācin ||","So stand up and win glory; conquer your enemies and enjoy a prosperous kingdom. They have already been slain by me; be merely the instrument, Arjuna.",agree,,,,
BG.11.34,"safety flags: war, death, under18_hold",Krishna,"द्रोणं च भीष्मं च जयद्रथं च ।
कर्णं तथान्यानपि योधवीरान् ।
मया हतांस्त्वं जहि मा व्यथिष्ठा ।
युध्यस्व जेतासि रणे सपत्नान् ॥","droṇaṃ ca bhīṣmaṃ ca jayadrathaṃ ca |
karṇaṃ tathānyānapi yodhavīrān |
mayā hatāṃstvaṃ jahi mā vyathiṣṭhā |
yudhyasva jetāsi raṇe sapatnān ||","Drona and Bhishma, Jayadratha and Karna, and the other great warriors too, already slain by me, you must slay. Do not be distressed. Fight: you will conquer your rivals in battle.",agree,,,,
BG.11.36,Codex disagrees,Arjuna,"स्थाने हृषीकेश तव प्रकीर्त्या ।
जगत्प्रहृष्यत्यनुरज्यते च ।
रक्षांसि भीतानि दिशो द्रवन्ति ।
सर्वे नमस्यन्ति च सिद्धसंघाः ॥","sthāne hṛṣīkeśa tava prakīrtyā |
jagatprahṛṣyatyanurajyate ca |
rakṣāṃsi bhītāni diśo dravanti |
sarve namasyanti ca siddhasaṃghāḥ ||","It is right, Krishna, that the world rejoices and delights in praising you; demons flee in fear in every direction, and all the hosts of the perfected bow down.",disagree,"The English makes the world delight in performing the praise, whereas the Sanskrit says that it rejoices and is delighted or attracted when Krishna is praised.","It is fitting that at the proclamation of your glory the world rejoices and is delighted; the terrified demons flee in every direction, and all the hosts of perfected beings bow down.",,
BG.11.37,Codex disagrees,Arjuna,"कस्माच्च ते न नमेरन्महात्मन् ।
गरीयसे ब्रह्मणोऽप्यादिकर्त्रे ।
अनन्त देवेश जगन्निवास ।
त्वमक्षरं सदसत्तत्परं यत् ॥","kasmācca te na nameranmahātman |
garīyase brahmaṇo'pyādikartre |
ananta deveśa jagannivāsa |
tvamakṣaraṃ sadasattatparaṃ yat ||","And why should they not bow to you, great one, greater even than Brahma, the first creator? Infinite one, lord of gods, refuge of the world, you are the Imperishable: being and non-being, and what is beyond both.",disagree,“The first creator” is incorrectly made an appositive of Brahma. The Sanskrit addresses Krishna as the primal creator and as greater than Brahma.,"Why should they not bow to you, great one, who are greater even than Brahma and are the primal creator? You are the Imperishable—being, non-being, and what lies beyond them.",,
BG.11.48,random sample,Krishna,"न वेदयज्ञाध्ययनैर्न दानै- ।
र्न च क्रियाभिर्न तपोभिरुग्रैः ।
एवंरूपः शक्य अहं नृलोके ।
द्रष्टुं त्वदन्येन कुरुप्रवीर ॥","na vedayajñādhyayanairna dānai- |
rna ca kriyābhirna tapobhirugraiḥ |
evaṃrūpaḥ śakya ahaṃ nṛloke |
draṣṭuṃ tvadanyena kurupravīra ||","Not through the Vedas, sacrifice or study, not through gifts, rituals or severe austerities can I be seen in this form in the human world by anyone but you, hero of the Kurus.",agree,,,,
BG.12.16,Codex disagrees; safety flags: renunciation,Krishna,"अनपेक्षः शुचिर्दक्ष उदासीनो गतव्यथः ।
सर्वारम्भपरित्यागी यो मद्भक्तः स मे प्रियः ॥","anapekṣaḥ śucirdakṣa udāsīno gatavyathaḥ |
sarvārambhaparityāgī yo madbhaktaḥ sa me priyaḥ ||","One who expects nothing, who is pure, capable, impartial and free of anxiety, who has given up all self-centred undertakings: that devotee of mine is dear to me.",disagree,“Self-centred” is an unsupported qualification that narrows “all undertakings.”,The devotee has relinquished all undertakings or initiatives.,,
BG.12.17,Codex disagrees,Krishna,"यो न हृष्यति न द्वेष्टि न शोचति न काङ्क्षति ।
शुभाशुभपरित्यागी भक्तिमान्यः स मे प्रियः ॥","yo na hṛṣyati na dveṣṭi na śocati na kāṅkṣati |
śubhāśubhaparityāgī bhaktimānyaḥ sa me priyaḥ ||","One who neither rejoices nor hates, neither grieves nor craves, who has let go of both good and bad outcomes, and is full of devotion, is dear to me.",disagree,"“Outcomes” is added; śubhāśubha refers simply to the auspicious and inauspicious, or good and bad, rather than specifically to outcomes.","The devoted person has relinquished both the auspicious and the inauspicious, or good and bad.",,
BG.12.19,"safety flags: renunciation, under18_hold",Krishna,"तुल्यनिन्दास्तुतिर्मौनी सन्तुष्टो येन केनचित् ।
अनिकेतः स्थिरमतिर्भक्तिमान्मे प्रियो नरः ॥","tulyanindāstutirmaunī santuṣṭo yena kenacit |
aniketaḥ sthiramatirbhaktimānme priyo naraḥ ||","to whom blame and praise are the same, who is restrained in speech, content with whatever comes, without a fixed home, steady of mind and full of devotion: that person is dear to me.",agree,,,,
BG.13.4,Codex disagrees,Krishna,"ऋषिभिर्बहुधा गीतं छन्दोभिर्विविधैः पृथक् ।
ब्रह्मसूत्रपदैश्चैव हेतुमद्भिर्विनिश्चितैः ॥","ṛṣibhirbahudhā gītaṃ chandobhirvividhaiḥ pṛthak |
brahmasūtrapadaiścaiva hetumadbhirviniścitaiḥ ||","This has been sung by sages in many ways, separately in various Vedic hymns, and in the reasoned and conclusive verses of the Brahma Sutras.",disagree,"The Sanskrit says “words,” “statements,” or “aphorisms,” not “verses”; treating Brahmasūtra as the title of a particular work is also more specific than the Sanskrit necessarily requires.","This has been expressed by sages, in various Vedic hymns, and in reasoned and decisive statements or aphorisms concerning Brahman.",,
BG.13.8,safety flags: death,Krishna,"इन्द्रियार्थेषु वैराग्यमनहंकार एव च ।
जन्ममृत्युजराव्याधिदुःखदोषानुदर्शनम् ॥","indriyārtheṣu vairāgyamanahaṃkāra eva ca |
janmamṛtyujarāvyādhiduḥkhadoṣānudarśanam ||","dispassion towards the objects of the senses, absence of ego, and clearly seeing the trouble and pain of birth, death, old age and sickness;",agree,,,,
BG.13.9,safety flags: renunciation,Krishna,"असक्तिरनभिष्वङ्गः पुत्रदारगृहादिषु ।
नित्यं च समचित्तत्वमिष्टानिष्टोपपत्तिषु ॥","asaktiranabhiṣvaṅgaḥ putradāragṛhādiṣu |
nityaṃ ca samacittatvamiṣṭāniṣṭopapattiṣu ||","non-attachment, not clinging to son, wife, home and the like, and constant evenness of mind amid what is welcome and what is unwelcome;",agree,,,,
BG.13.10,safety flags: renunciation,Krishna,"मयि चानन्ययोगेन भक्तिरव्यभिचारिणी ।
विविक्तदेशसेवित्वमरतिर्जनसंसदि ॥","mayi cānanyayogena bhaktiravyabhicāriṇī |
viviktadeśasevitvamaratirjanasaṃsadi ||","unswerving devotion to me through single-minded yoga, resorting to solitary places, and no taste for crowds;",agree,,,,
BG.13.12,Codex disagrees,Krishna,"ज्ञेयं यत्तत्प्रवक्ष्यामि यज्ज्ञात्वामृतमश्नुते ।
अनादि मत्परं ब्रह्म न सत्तन्नासदुच्यते ॥","jñeyaṃ yattatpravakṣyāmi yajjñātvāmṛtamaśnute |
anādi matparaṃ brahma na sattannāsaducyate ||","I will describe what is to be known, knowing which one attains immortality: the beginningless supreme Brahman, which is said to be neither being nor non-being.",disagree,"With the supplied word division, mat-param explicitly refers to Krishna, but the English drops “me” and instead makes “supreme” modify Brahman.",The knowable is the beginningless Brahman that has me as its highest or supreme goal; it is said to be neither being nor non-being.,,
BG.13.34,Codex disagrees,Krishna,"क्षेत्रक्षेत्रज्ञयोरेवमन्तरं ज्ञानचक्षुषा ।
भूतप्रकृतिमोक्षं च ये विदुर्यान्ति ते परम् ॥","kṣetrakṣetrajñayorevamantaraṃ jñānacakṣuṣā |
bhūtaprakṛtimokṣaṃ ca ye viduryānti te param ||","Those who see with the eye of knowledge the difference between the field and its knower, and the way to freedom from the nature of beings, go to the supreme.",disagree,"“The way to freedom” adds the idea of a method, and “the nature of beings” obscures the compound’s reference to Prakriti as the source or material nature of beings.","Those who discern the difference between the field and its knower, and liberation from Prakriti, the source of beings, attain the supreme.",,
BG.14.8,safety flags: distress_gentle,Krishna,"तमस्त्वज्ञानजं विद्धि मोहनं सर्वदेहिनाम् ।
प्रमादालस्यनिद्राभिस्तन्निबध्नाति भारत ॥","tamastvajñānajaṃ viddhi mohanaṃ sarvadehinām |
pramādālasyanidrābhistannibadhnāti bhārata ||","But know tamas to be born of ignorance, deluding all embodied beings; it binds, Arjuna, through carelessness, laziness and sleep.",agree,,,,
BG.14.13,safety flags: distress_gentle,Krishna,"अप्रकाशोऽप्रवृत्तिश्च प्रमादो मोह एव च ।
तमस्येतानि जायन्ते विवृद्धे कुरुनन्दन ॥","aprakāśo'pravṛttiśca pramādo moha eva ca |
tamasyetāni jāyante vivṛddhe kurunandana ||","Darkness, inertia, carelessness and delusion: these arise when tamas is dominant, joy of the Kurus.",agree,,,,
BG.14.14,safety flags: death,Krishna,"यदा सत्त्वे प्रवृद्धे तु प्रलयं याति देहभृत् ।
तदोत्तमविदां लोकानमलान्प्रतिपद्यते ॥","yadā sattve pravṛddhe tu pralayaṃ yāti dehabhṛt |
tadottamavidāṃ lokānamalānpratipadyate ||","If the embodied one meets death when sattva is dominant, they reach the pure worlds of those who know the highest.",agree,,,,
BG.14.15,safety flags: death,Krishna,"रजसि प्रलयं गत्वा कर्मसङ्गिषु जायते ।
तथा प्रलीनस्तमसि मूढयोनिषु जायते ॥","rajasi pralayaṃ gatvā karmasaṅgiṣu jāyate |
tathā pralīnastamasi mūḍhayoniṣu jāyate ||","Meeting death in rajas, one is born among those attached to action; dying in tamas, one is born in deluded wombs.",agree,,,,
BG.14.25,Codex disagrees; safety flags: renunciation,Krishna,"मानापमानयोस्तुल्यस्तुल्यो मित्रारिपक्षयोः ।
सर्वारम्भपरित्यागी गुणातीतः स उच्यते ॥","mānāpamānayostulyastulyo mitrāripakṣayoḥ |
sarvārambhaparityāgī guṇātītaḥ sa ucyate ||","the same in honour and dishonour, the same towards friend and foe, having given up all self-centred undertakings: such a person is said to have gone beyond the gunas.",disagree,“Self-centred” is an interpretive restriction not present in the Sanskrit: the verse says that all undertakings or initiations have been abandoned.,"One who is the same in honour and dishonour and toward the sides of friend and foe, and who has abandoned all undertakings, is said to have gone beyond the gunas.",,
BG.14.26,random sample,Krishna,"मां च योऽव्यभिचारेण भक्तियोगेन सेवते ।
स गुणान्समतीत्यैतान्ब्रह्मभूयाय कल्पते ॥","māṃ ca yo'vyabhicāreṇa bhaktiyogena sevate |
sa guṇānsamatītyaitānbrahmabhūyāya kalpate ||",One who serves me with unswerving devotion goes beyond these gunas and becomes fit to become Brahman.,agree,,,,
BG.15.8,safety flags: death,Krishna,"शरीरं यदवाप्नोति यच्चाप्युत्क्रामतीश्वरः ।
गृहीत्वैतानि संयाति वायुर्गन्धानिवाशयात् ॥","śarīraṃ yadavāpnoti yaccāpyutkrāmatīśvaraḥ |
gṛhītvaitāni saṃyāti vāyurgandhānivāśayāt ||","When the lord of the body takes on a body and when it leaves one, it takes these with it and goes, as the wind carries scents from their source.",agree,,,,
BG.15.10,Codex disagrees,Krishna,"उत्क्रामन्तं स्थितं वापि भुञ्जानं वा गुणान्वितम् ।
विमूढा नानुपश्यन्ति पश्यन्ति ज्ञानचक्षुषः ॥","utkrāmantaṃ sthitaṃ vāpi bhuñjānaṃ vā guṇānvitam |
vimūḍhā nānupaśyanti paśyanti jñānacakṣuṣaḥ ||","Whether it is leaving the body, staying in it, or experiencing the world through the gunas, the deluded do not see it; those with the eye of knowledge see it.",disagree,"The English changes “endowed or associated with the gunas” into “experiencing the world through the gunas,” adding “the world” and making the gunas the means of experience.","The deluded do not perceive it as it departs, remains, or experiences while associated with the gunas; those with the eye of knowledge perceive it.",,
BG.16.8,Codex disagrees,Krishna,"असत्यमप्रतिष्ठं ते जगदाहुरनीश्वरम् ।
अपरस्परसंभूतं किमन्यत्कामहैतुकम् ॥","asatyamapratiṣṭhaṃ te jagadāhuranīśvaram |
aparasparasaṃbhūtaṃ kimanyatkāmahaitukam ||","They say the world is without truth, without foundation, without a Lord, not brought about by any order: what else is it but driven by desire?",disagree,“Not brought about by any order” mistranslates aparasparasaṃbhūtam and omits its reference to mutual generation or union.,"They say that the world is unreal, without foundation and without a Lord, born of mutual union; what else could it be but caused by desire?",,
BG.16.11,safety flags: death,Krishna,"चिन्तामपरिमेयां च प्रलयान्तामुपाश्रिताः ।
कामोपभोगपरमा एतावदिति निश्चिताः ॥","cintāmaparimeyāṃ ca pralayāntāmupāśritāḥ |
kāmopabhogaparamā etāvaditi niścitāḥ ||","Given over to boundless anxieties that end only with death, taking the enjoyment of desires as the highest aim, convinced that this is all there is,",agree,,,,
BG.16.14,safety flags: war,Krishna,"असौ मया हतः शत्रुर्हनिष्ये चापरानपि ।
ईश्वरोऽहमहं भोगी सिद्धोऽहं बलवान्सुखी ॥","asau mayā hataḥ śatrurhaniṣye cāparānapi |
īśvaro'hamahaṃ bhogī siddho'haṃ balavānsukhī ||","That enemy has been killed by me, and I will kill others too. I am the lord, I am the enjoyer; I am successful, powerful and happy.",agree,,,,
BG.16.16,safety flags: distress_gentle,Krishna,"अनेकचित्तविभ्रान्ता मोहजालसमावृताः ।
प्रसक्ताः कामभोगेषु पतन्ति नरकेऽशुचौ ॥","anekacittavibhrāntā mohajālasamāvṛtāḥ |
prasaktāḥ kāmabhogeṣu patanti narake'śucau ||","Bewildered by many thoughts, caught in the net of delusion, attached to the enjoyment of desires, they fall into a foul hell.",agree,,,,
BG.16.17,random sample,Krishna,"आत्मसंभाविताः स्तब्धा धनमानमदान्विताः ।
यजन्ते नामयज्ञैस्ते दम्भेनाविधिपूर्वकम् ॥","ātmasaṃbhāvitāḥ stabdhā dhanamānamadānvitāḥ |
yajante nāmayajñaiste dambhenāvidhipūrvakam ||","Self-important, stubborn, full of pride and the intoxication of wealth, they perform sacrifices in name only, out of hypocrisy, not according to the rules.",agree,,,,
BG.16.19,safety flags: distress_gentle,Krishna,"तानहं द्विषतः क्रुरान्संसारेषु नराधमान् ।
क्षिपाम्यजस्रमशुभानासुरीष्वेव योनिषु ॥","tānahaṃ dviṣataḥ krurānsaṃsāreṣu narādhamān |
kṣipāmyajasramaśubhānāsurīṣveva yoniṣu ||","These hateful, cruel, vilest of people, I hurl again and again into the cycles of rebirth, into demonic wombs alone.",agree,,,,
BG.16.20,safety flags: distress_gentle,Krishna,"आसुरीं योनिमापन्ना मूढा जन्मनि जन्मनि ।
मामप्राप्यैव कौन्तेय ततो यान्त्यधमां गतिम् ॥","āsurīṃ yonimāpannā mūḍhā janmani janmani |
māmaprāpyaiva kaunteya tato yāntyadhamāṃ gatim ||","Falling into demonic wombs, deluded birth after birth, never reaching me, son of Kunti, they sink to the lowest state.",agree,,,,
BG.17.5,safety flags: distress_gentle,Krishna,"अशास्त्रविहितं घोरं तप्यन्ते ये तपो जनाः ।
दम्भाहंकारसंयुक्ताः कामरागबलान्विताः ॥","aśāstravihitaṃ ghoraṃ tapyante ye tapo janāḥ |
dambhāhaṃkārasaṃyuktāḥ kāmarāgabalānvitāḥ ||","Those people who practise terrible austerities not prescribed by scripture, full of hypocrisy and ego, driven by the force of desire and passion,",agree,,,,
BG.17.6,safety flags: distress_gentle,Krishna,"कर्षयन्तः शरीरस्थं भूतग्राममचेतसः ।
मां चैवान्तःशरीरस्थं तान्विद्ध्यासुरनिश्चयान् ॥","karṣayantaḥ śarīrasthaṃ bhūtagrāmamacetasaḥ |
māṃ caivāntaḥśarīrasthaṃ tānviddhyāsuraniścayān ||","senselessly tormenting the elements in the body, and me too, who dwell within the body: know them to be of demonic resolve.",agree,,,,
BG.17.14,safety flags: caste_gender,Krishna,"देवद्विजगुरुप्राज्ञपूजनं शौचमार्जवम् ।
ब्रह्मचर्यमहिंसा च शारीरं तप उच्यते ॥","devadvijaguruprājñapūjanaṃ śaucamārjavam |
brahmacaryamahiṃsā ca śārīraṃ tapa ucyate ||","Reverence for the gods, the twice-born, teachers and the wise; purity, honesty, celibacy and non-violence: this is called austerity of the body.",agree,,,,
BG.17.19,safety flags: distress_gentle,Krishna,"मूढग्राहेणात्मनो यत्पीडया क्रियते तपः ।
परस्योत्सादनार्थं वा तत्तामसमुदाहृतम् ॥","mūḍhagrāheṇātmano yatpīḍayā kriyate tapaḥ |
parasyotsādanārthaṃ vā tattāmasamudāhṛtam ||","Austerity practised out of foolish obstinacy, with self-torture, or to bring ruin on another, is called tamasic.",agree,,,,
BG.18.1,Codex disagrees,Arjuna,"संन्यासस्य महाबाहो तत्त्वमिच्छामि वेदितुम् ।
त्यागस्य च हृषीकेश पृथक्केशिनिषूदन ॥","saṃnyāsasya mahābāho tattvamicchāmi veditum |
tyāgasya ca hṛṣīkeśa pṛthakkeśiniṣūdana ||","Mighty-armed one, I wish to know the truth about renunciation, Krishna, and about relinquishment, and how they differ.",disagree,"“How they differ” is an interpretive addition: pṛthak asks to know the two separately. The rendering also replaces the distinct epithets Hṛṣīkeśa and Keśiniṣūdana with “Krishna,” losing their stated senses.","Arjuna asks the mighty-armed Hṛṣīkeśa, slayer of Keśin, to explain separately the true nature of renunciation and of relinquishment.",,
BG.18.12,"safety flags: death, renunciation",Krishna,"अनिष्टमिष्टं मिश्रं च त्रिविधं कर्मणः फलम् ।
भवत्यत्यागिनां प्रेत्य न तु संन्यासिनां क्वचित् ॥","aniṣṭamiṣṭaṃ miśraṃ ca trividhaṃ karmaṇaḥ phalam |
bhavatyatyāgināṃ pretya na tu saṃnyāsināṃ kvacit ||","Unwanted, wanted and mixed: the fruit of action is of three kinds, and it comes after death to those who have not relinquished, but never to those who have renounced.",agree,,,,
BG.18.17,"safety flags: war, death, under18_hold",Krishna,"यस्य नाहंकृतो भावो बुद्धिर्यस्य न लिप्यते ।
हत्वापि स इमाँल्लोकान्न हन्ति न निबध्यते ॥","yasya nāhaṃkṛto bhāvo buddhiryasya na lipyate |
hatvāpi sa imām̐llokānna hanti na nibadhyate ||","One who is free of the sense of 'I am the doer', whose understanding is not tainted, even if they kill these people, does not kill and is not bound.",agree,,,,
BG.18.28,safety flags: distress_gentle,Krishna,"अयुक्तः प्राकृतः स्तब्धः शठो नैष्कृतिकोऽलसः ।
विषादी दीर्घसूत्री च कर्ता तामस उच्यते ॥","ayuktaḥ prākṛtaḥ stabdhaḥ śaṭho naiṣkṛtiko'lasaḥ |
viṣādī dīrghasūtrī ca kartā tāmasa ucyate ||","A doer who is undisciplined, coarse, stubborn, deceitful, malicious, lazy, despondent and procrastinating is called tamasic.",agree,,,,
BG.18.29,Codex disagrees,Krishna,"बुद्धेर्भेदं धृतेश्चैव गुणतस्त्रिविधं शृणु ।
प्रोच्यमानमशेषेण पृथक्त्वेन धनंजय ॥","buddherbhedaṃ dhṛteścaiva guṇatastrividhaṃ śṛṇu |
procyamānamaśeṣeṇa pṛthaktvena dhanaṃjaya ||","Now hear, Arjuna, the threefold division of understanding and of fortitude according to the gunas, explained fully and separately.",disagree,“Arjuna” identifies the addressee but omits the meaning of the epithet Dhanañjaya.,"Krishna addresses him as Dhanañjaya, “conqueror of wealth.”",,
BG.18.35,safety flags: distress_gentle,Krishna,"यया स्वप्नं भयं शोकं विषादं मदमेव च ।
न विमुञ्चति दुर्मेधा धृतिः सा पार्थ तामसी ॥","yayā svapnaṃ bhayaṃ śokaṃ viṣādaṃ madameva ca |
na vimuñcati durmedhā dhṛtiḥ sā pārtha tāmasī ||","The fortitude by which a foolish person does not let go of sleep, fear, grief, despondency and arrogance, son of Pritha, is tamasic.",agree,,,,
BG.18.36,random sample,Krishna,"सुखं त्विदानीं त्रिविधं शृणु मे भरतर्षभ ।
अभ्यासाद्रमते यत्र दुःखान्तं च निगच्छति ॥","sukhaṃ tvidānīṃ trividhaṃ śṛṇu me bharatarṣabha |
abhyāsādramate yatra duḥkhāntaṃ ca nigacchati ||","Now hear from me, best of the Bharatas, about the three kinds of happiness: the happiness one comes to enjoy through practice, in which sorrow comes to an end,",agree,,,,
BG.18.41,Codex disagrees; safety flags: caste_gender,Krishna,"ब्राह्मणक्षत्रियविशां शूद्राणां च परन्तप ।
कर्माणि प्रविभक्तानि स्वभावप्रभवैर्गुणैः ॥","brāhmaṇakṣatriyaviśāṃ śūdrāṇāṃ ca parantapa |
karmāṇi pravibhaktāni svabhāvaprabhavairguṇaiḥ ||","The duties of brahmins, kshatriyas and vaishyas, and of shudras too, Arjuna, are divided according to the gunas that arise from their own nature.",disagree,“Arjuna” identifies the addressee but omits the meaning of the epithet Parantapa.,"Krishna addresses him as Parantapa, “scorcher of foes.”",,
BG.18.42,safety flags: caste_gender,Krishna,"शमो दमस्तपः शौचं क्षान्तिरार्जवमेव च ।
ज्ञानं विज्ञानमास्तिक्यं ब्रह्मकर्म स्वभावजम् ॥","śamo damastapaḥ śaucaṃ kṣāntirārjavameva ca |
jñānaṃ vijñānamāstikyaṃ brahmakarma svabhāvajam ||","Calm, self-restraint, austerity, purity, patience, honesty, knowledge, insight and faith are the work of a brahmin, born of their nature.",agree,,,,
BG.18.43,"safety flags: war, caste_gender",Krishna,"शौर्यं तेजो धृतिर्दाक्ष्यं युद्धे चाप्यपलायनम् ।
दानमीश्वरभावश्च क्षात्रं कर्म स्वभावजम् ॥","śauryaṃ tejo dhṛtirdākṣyaṃ yuddhe cāpyapalāyanam |
dānamīśvarabhāvaśca kṣātraṃ karma svabhāvajam ||","Courage, vigour, steadiness, skill, not fleeing in battle, generosity and leadership are the work of a kshatriya, born of their nature.",agree,,,,
BG.18.44,safety flags: caste_gender,Krishna,"कृषिगौरक्ष्यवाणिज्यं वैश्यकर्म स्वभावजम् ।
परिचर्यात्मकं कर्म शूद्रस्यापि स्वभावजम् ॥","kṛṣigaurakṣyavāṇijyaṃ vaiśyakarma svabhāvajam |
paricaryātmakaṃ karma śūdrasyāpi svabhāvajam ||","Farming, tending cattle and trade are the work of a vaishya, born of their nature; and work that consists of service is the shudra's, also born of their nature.",agree,,,,
BG.18.45,safety flags: caste_gender,Krishna,"स्वे स्वे कर्मण्यभिरतः संसिद्धिं लभते नरः ।
स्वकर्मनिरतः सिद्धिं यथा विन्दति तच्छृणु ॥","sve sve karmaṇyabhirataḥ saṃsiddhiṃ labhate naraḥ |
svakarmanirataḥ siddhiṃ yathā vindati tacchṛṇu ||","Each devoted to their own work, a person attains perfection. Hear how one devoted to their own work finds perfection.",agree,,,,
BG.18.46,safety flags: caste_gender; random sample,Krishna,"यतः प्रवृत्तिर्भूतानां येन सर्वमिदं ततम् ।
स्वकर्मणा तमभ्यर्च्य सिद्धिं विन्दति मानवः ॥","yataḥ pravṛttirbhūtānāṃ yena sarvamidaṃ tatam |
svakarmaṇā tamabhyarcya siddhiṃ vindati mānavaḥ ||","By worshipping, through their own work, the one from whom all beings arise and by whom all this is pervaded, a person attains perfection.",agree,,,,
BG.18.47,safety flags: caste_gender; random sample,Krishna,"श्रेयान्स्वधर्मो विगुणः परधर्मात्स्वनुष्ठितात् ।
स्वभावनियतं कर्म कुर्वन्नाप्नोति किल्बिषम् ॥","śreyānsvadharmo viguṇaḥ paradharmātsvanuṣṭhitāt |
svabhāvaniyataṃ karma kurvannāpnoti kilbiṣam ||","Better one's own dharma, though imperfect, than another's dharma well performed. Doing the work set by one's own nature, one incurs no fault.",agree,,,,
BG.18.48,safety flags: caste_gender,Krishna,"सहजं कर्म कौन्तेय सदोषमपि न त्यजेत् ।
सर्वारम्भा हि दोषेण धूमेनाग्निरिवावृताः ॥","sahajaṃ karma kaunteya sadoṣamapi na tyajet |
sarvārambhā hi doṣeṇa dhūmenāgnirivāvṛtāḥ ||","Do not give up the work you were born to, son of Kunti, even if it has faults; for all undertakings are clouded by fault, as fire is by smoke.",agree,,,,
BG.18.49,"safety flags: renunciation, under18_hold",Krishna,"असक्तबुद्धिः सर्वत्र जितात्मा विगतस्पृहः ।
नैष्कर्म्यसिद्धिं परमां संन्यासेनाधिगच्छति ॥","asaktabuddhiḥ sarvatra jitātmā vigataspṛhaḥ |
naiṣkarmyasiddhiṃ paramāṃ saṃnyāsenādhigacchati ||","One whose understanding is unattached everywhere, who has mastered themselves and is free of craving, reaches through renunciation the supreme perfection of freedom from action.",agree,,,,
BG.18.51,"safety flags: renunciation, under18_hold",Krishna,"बुद्ध्या विशुद्ध्या युक्तो धृत्यात्मानं नियम्य च ।
शब्दादीन्विषयांस्त्यक्त्वा रागद्वेषौ व्युदस्य च ॥","buddhyā viśuddhyā yukto dhṛtyātmānaṃ niyamya ca |
śabdādīnviṣayāṃstyaktvā rāgadveṣau vyudasya ca ||","Endowed with a purified understanding, controlling oneself with steadiness, turning away from sound and the other objects of the senses, and casting aside attraction and aversion,",agree,,,,
BG.18.52,"safety flags: renunciation, under18_hold",Krishna,"विविक्तसेवी लघ्वाशी यतवाक्कायमानसः ।
ध्यानयोगपरो नित्यं वैराग्यं समुपाश्रितः ॥","viviktasevī laghvāśī yatavākkāyamānasaḥ |
dhyānayogaparo nityaṃ vairāgyaṃ samupāśritaḥ ||","living in solitude, eating lightly, with speech, body and mind controlled, always intent on the yoga of meditation, taking refuge in dispassion,",agree,,,,
BG.18.53,"safety flags: renunciation, under18_hold",Krishna,"अहंकारं बलं दर्पं कामं क्रोधं परिग्रहम् ।
विमुच्य निर्ममः शान्तो ब्रह्मभूयाय कल्पते ॥","ahaṃkāraṃ balaṃ darpaṃ kāmaṃ krodhaṃ parigraham |
vimucya nirmamaḥ śānto brahmabhūyāya kalpate ||","letting go of ego, force, arrogance, desire, anger and possessions, free of the sense of 'mine' and at peace, one becomes fit to attain the state of Brahman.",agree,,,,
BG.18.57,random sample,Krishna,"चेतसा सर्वकर्माणि मयि संन्यस्य मत्परः ।
बुद्धियोगमुपाश्रित्य मच्चित्तः सततं भव ॥","cetasā sarvakarmāṇi mayi saṃnyasya matparaḥ |
buddhiyogamupāśritya maccittaḥ satataṃ bhava ||","Mentally offering all actions to me, holding me as the highest, relying on the yoga of understanding, keep your mind always on me.",agree,,,,
BG.18.58,Codex disagrees,Krishna,"मच्चित्तः सर्वदुर्गाणि मत्प्रसादात्तरिष्यसि ।
अथ चेत्त्वमहंकारान्न श्रोष्यसि विनङ्क्ष्यसि ॥","maccittaḥ sarvadurgāṇi matprasādāttariṣyasi |
atha cettvamahaṃkārānna śroṣyasi vinaṅkṣyasi ||","With your mind on me, you will cross every difficulty by my grace; but if out of ego you will not listen, you will be lost.",disagree,“You will be lost” softens the stronger warning expressed by vinaṅkṣyasi.,"If out of ego you do not listen, you will perish or be destroyed.",,
BG.18.59,"safety flags: war, under18_hold",Krishna,"यदहंकारमाश्रित्य न योत्स्य इति मन्यसे ।
मिथ्यैष व्यवसायस्ते प्रकृतिस्त्वां नियोक्ष्यति ॥","yadahaṃkāramāśritya na yotsya iti manyase |
mithyaiṣa vyavasāyaste prakṛtistvāṃ niyokṣyati ||","If, relying on ego, you think 'I will not fight', that resolve of yours is in vain: your own nature will compel you.",agree,,,,
BG.18.60,"safety flags: war, under18_hold",Krishna,"स्वभावजेन कौन्तेय निबद्धः स्वेन कर्मणा ।
कर्तुं नेच्छसि यन्मोहात्करिष्यस्यवशोऽपि तत् ॥","svabhāvajena kaunteya nibaddhaḥ svena karmaṇā |
kartuṃ necchasi yanmohātkariṣyasyavaśo'pi tat ||","Bound by your own action, born of your nature, son of Kunti, what you do not wish to do out of delusion you will do, even against your will.",agree,,,,
BG.18.66,safety flags: renunciation,Krishna,"सर्वधर्मान्परित्यज्य मामेकं शरणं व्रज ।
अहं त्वां सर्वपापेभ्यो मोक्षयिष्यामि मा शुचः ॥","sarvadharmānparityajya māmekaṃ śaraṇaṃ vraja |
ahaṃ tvāṃ sarvapāpebhyo mokṣayiṣyāmi mā śucaḥ ||",Let go of all dharmas and take refuge in me alone. I will free you from all sins; do not grieve.,agree,,,,
BG.18.70,random sample,Krishna,"अध्येष्यते च य इमं धर्म्यं संवादमावयोः ।
ज्ञानयज्ञेन तेनाहमिष्टः स्यामिति मे मतिः ॥","adhyeṣyate ca ya imaṃ dharmyaṃ saṃvādamāvayoḥ |
jñānayajñena tenāhamiṣṭaḥ syāmiti me matiḥ ||","And whoever studies this sacred dialogue of ours, by them I would be worshipped through the sacrifice of knowledge: that is my view.",agree,,,,
BG.18.73,Codex disagrees; random sample,Arjuna,"नष्टो मोहः स्मृतिर्लब्धा त्वत्प्रसादान्मयाच्युत ।
स्थितोऽस्मि गतसन्देहः करिष्ये वचनं तव ॥","naṣṭo mohaḥ smṛtirlabdhā tvatprasādānmayācyuta |
sthito'smi gatasandehaḥ kariṣye vacanaṃ tava ||","My delusion is gone, Krishna; by your grace I have regained clear understanding. I stand firm, my doubts gone. I will do as you say.",disagree,"Smṛti is rendered as “clear understanding,” replacing the verse’s explicit statement that memory or recollection has been regained.","My delusion is destroyed, and by your grace I have regained memory, O Achyuta. I stand firm, free from doubt, and will do as you say.",,
BG.18.77,random sample,Sanjaya,"तच्च संस्मृत्य संस्मृत्य रूपमत्यद्भुतं हरेः ।
विस्मयो मे महान् राजन्हृष्यामि च पुनः पुनः ॥","tacca saṃsmṛtya saṃsmṛtya rūpamatyadbhutaṃ hareḥ |
vismayo me mahān rājanhṛṣyāmi ca punaḥ punaḥ ||","And as I recall again and again that most wondrous form of Krishna, great is my amazement, O king, and I rejoice again and again.",agree,,,,
BG.18.78,safety flags: war,Sanjaya,"यत्र योगेश्वरः कृष्णो यत्र पार्थो धनुर्धरः ।
तत्र श्रीर्विजयो भूतिर्ध्रुवा नीतिर्मतिर्मम ॥","yatra yogeśvaraḥ kṛṣṇo yatra pārtho dhanurdharaḥ |
tatra śrīrvijayo bhūtirdhruvā nītirmatirmama ||","Wherever there is Krishna, the lord of yoga, and wherever there is the son of Pritha, the archer, there are fortune, victory, prosperity and lasting good policy: that is my conviction.",agree,,,,
IsU.3,"safety flags: death, distress_gentle",Upanishad,"असुर्या नाम ते लोका अन्धेन तमसाऽऽवृताः ।
ताँस्ते प्रेत्याभिगच्छन्ति ये के चात्महनो जनाः ॥","asuryā nāma te lokā andhena tamasā''vṛtāḥ |
tām̐ste pretyābhigacchanti ye ke cātmahano janāḥ ||","Those worlds called demonic are covered in blind darkness. To them, after death, go all those people who slay the self.",agree,,,,
IsU.17,safety flags: death,seeker,"वायुरनिलममृतमथेदं भस्मांतँ शरीरम् ।
ॐ क्रतो स्मर कृतँ स्मर क्रतो स्मर कृतँ स्मर ॥","vāyuranilamamṛtamathedaṃ bhasmāṃtam̐ śarīram |
oṃ krato smara kṛtam̐ smara krato smara kṛtam̐ smara ||","Now let my breath go to the immortal wind, and let this body end in ashes. Om. O mind, remember! Remember what was done! O mind, remember! Remember what was done!",agree,,,,
KeU.1.2,safety flags: death,teacher,"श्रोत्रस्य श्रोत्रं मनसो मनो यद्वाचो ह वाचं
स उ प्राणस्य प्राणः चक्षुषश्चक्षुः ।
अतिमुच्य धीराः प्रेत्यास्माल्लोकादमृता भवन्ति ॥","śrotrasya śrotraṃ manaso mano yadvāco ha vācaṃ
sa u prāṇasya prāṇaḥ cakṣuṣaścakṣuḥ |
atimucya dhīrāḥ pretyāsmāllokādamṛtā bhavanti ||","It is the ear of the ear, the mind of the mind, the speech of speech; it is the breath of breath and the eye of the eye. Letting go, the wise, departing from this world, become immortal.",agree,,,,
KeU.1.8,random sample,teacher,"यच्छ्रोत्रेण न शृणोति येन श्रोत्रमिदं श्रुतम् ।
तदेव ब्रह्म त्वं विद्धि नेदं यदिदमुपासते ॥","yacchrotreṇa na śṛṇoti yena śrotramidaṃ śrutam |
tadeva brahma tvaṃ viddhi nedaṃ yadidamupāsate ||","What one cannot hear with the ear, but by which this ear is heard: know that alone as Brahman, not this which people worship here.",agree,,,,
KeU.2.1,Codex disagrees,teacher,"यदि मन्यसे सुवेदेति दहरमेवापि
नूनं त्वं वेत्थ ब्रह्मणो रूपम् ।
यदस्य त्वं यदस्य देवेष्वथ नु
मीमाँस्येमेव ते मन्ये विदितम् ॥","yadi manyase suvedeti daharamevāpi
nūnaṃ tvaṃ vettha brahmaṇo rūpam |
yadasya tvaṃ yadasya deveṣvatha nu
mīmām̐syemeva te manye viditam ||","If you think, 'I know it well,' then surely you know only a little of Brahman's form: the form that is in you, and the form that is among the gods. So I think you must still inquire into it. 'I think I know it.'",disagree,The English uses मन्ये (“I think”) twice—once in the teacher’s injunction and again in the closing reply—although it occurs only once in the Sanskrit.,"On the dialogue reading, the teacher says that it must still be investigated by the student, after which the student replies, “I think it is known.”",,
KeU.2.5,safety flags: death,Upanishad,"इह चेदवेदीदथ सत्यमस्ति
न चेदिहावेदीन्महती विनष्टिः ।
भूतेषु भूतेषु विचित्य धीराः
प्रेत्यास्माल्लोकादमृता भवन्ति ॥","iha cedavedīdatha satyamasti
na cedihāvedīnmahatī vinaṣṭiḥ |
bhūteṣu bhūteṣu vicitya dhīrāḥ
pretyāsmāllokādamṛtā bhavanti ||","If one knows it here, then there is truth; if one does not know it here, great is the loss. Discerning it in every being, the wise, departing from this world, become immortal.",agree,,,,
KeU.3.1,safety flags: war,narrator,"ब्रह्म ह देवेभ्यो विजिग्ये तस्य ह ब्रह्मणो
विजये देवा अमहीयन्त ॥","brahma ha devebhyo vijigye tasya ha brahmaṇo
vijaye devā amahīyanta ||","Brahman, it is told, won a victory for the gods, and in Brahman's victory the gods grew great.",agree,,,,
KeU.3.10,Codex disagrees,narrator,"तस्मै तृणं निदधावेतदादत्स्वेति
तदुपप्रेयाय सर्वजवेन तन्न शशाकादतुम् ।
स तत एव निववृते नैतदशकं विज्ञातुं यदेतद्यक्षमिति ॥","tasmai tṛṇaṃ nidadhāvetadādatsveti
tadupapreyāya sarvajavena tanna śaśākādatum |
sa tata eva nivavṛte naitadaśakaṃ vijñātuṃ yadetadyakṣamiti ||",It set a blade of grass before him: 'Carry this off.' He went at it with all his speed but could not move it. He turned back from there: 'I could not find out what this wondrous being is.',disagree,"“Could not move it” strengthens and changes the Sanskrit, which does not say that the grass could not be moved at all.",Vayu approached with all his speed but could not take up or carry away the blade of grass.,,
KeU.4.4,random sample,Upanishad,"तस्यैष आदेशो यदेतद्विद्युतो व्यद्युतदा३इतीन् न्यमीमिषदा३
इत्यधिदैवतम् ॥","tasyaiṣa ādeśo yadetadvidyuto vyadyutadā3itīn nyamīmiṣadā3
ityadhidaivatam ||","This is the teaching about it, by likeness: as it flashed in the lightning, ah! as it made the eye blink, ah! This is with regard to the divine.",agree,,,,
KaU.1.1.1,Codex disagrees,narrator,"ॐ उशन् ह वै वाजश्रवसः सर्ववेदसं ददौ ।
तस्य ह नचिकेता नाम पुत्र आस ॥","oṃ uśan ha vai vājaśravasaḥ sarvavedasaṃ dadau |
tasya ha naciketā nāma putra āsa ||","Om. Wanting its reward, the son of Vajashravas, it is told, gave away all he owned. He had a son named Nachiketas.",disagree,“Wanting its reward” supplies a specific object for उशन् (“desiring”) that the Sanskrit does not state; no rite or its reward is explicitly mentioned here.,"Vajashravas’s descendant, desiring, gave away all his possessions; he had a son named Nachiketas.",,
KaU.1.1.4,safety flags: death,narrator,"स होवाच पितरं तत कस्मै मां दास्यसीति ।
द्वितीयं तृतीयं तँ होवाच मृत्यवे त्वा ददामीति ॥","sa hovāca pitaraṃ tata kasmai māṃ dāsyasīti |
dvitīyaṃ tṛtīyaṃ tam̐ hovāca mṛtyave tvā dadāmīti ||","He said to his father, 'Father, to whom will you give me?' He said it a second time, and a third. His father said to him, 'To Death I give you!'",agree,,,,
KaU.1.1.5,"safety flags: death, distress_gentle",Nachiketas,"बहूनामेमि प्रथमो बहूनामेमि मध्यमः ।
किँ स्विद्यमस्य कर्तव्यं यन्मयाऽद्य करिष्यति ॥","bahūnāmemi prathamo bahūnāmemi madhyamaḥ |
kim̐ svidyamasya kartavyaṃ yanmayā'dya kariṣyati ||",Among many I go as the first; among many I go as one of the middle. What work does Yama have that he will do through me today?,agree,,,,
KaU.1.1.6,"safety flags: death, under18_hold",Nachiketas,"अनुपश्य यथा पूर्वे प्रतिपश्य तथाऽपरे ।
सस्यमिव मर्त्यः पच्यते सस्यमिवाजायते पुनः ॥","anupaśya yathā pūrve pratipaśya tathā'pare |
sasyamiva martyaḥ pacyate sasyamivājāyate punaḥ ||","Look back at how those before us acted; look around at how others act now. A mortal ripens like grain, and like grain is born again.",agree,,,,
KaU.1.1.7,safety flags: caste_gender,Yama's household,"वैश्वानरः प्रविशत्यतिथिर्ब्राह्मणो गृहान् ।
तस्यैताँ शान्तिं कुर्वन्ति हर वैवस्वतोदकम् ॥","vaiśvānaraḥ praviśatyatithirbrāhmaṇo gṛhān |
tasyaitām̐ śāntiṃ kurvanti hara vaivasvatodakam ||","A brahmin guest enters houses like fire itself. People make this offering of peace to him: bring water, son of Vivasvat!",agree,,,,
KaU.1.1.8,safety flags: caste_gender,Yama's household,"आशाप्रतीक्षे संगतँ सूनृतां
चेष्टापूर्ते पुत्रपशूँश्च सर्वान् ।
एतद्वृङ्क्ते पुरुषस्याल्पमेधसो
यस्यानश्नन्वसति ब्राह्मणो गृहे ॥","āśāpratīkṣe saṃgatam̐ sūnṛtāṃ
ceṣṭāpūrte putrapaśūm̐śca sarvān |
etadvṛṅkte puruṣasyālpamedhaso
yasyānaśnanvasati brāhmaṇo gṛhe ||","Hopes and expectations, the fruit of good company, kind speech, sacrifices and good works, sons and cattle: all these are taken from the person of little understanding in whose house a brahmin stays without food.",agree,,,,
KaU.1.1.10,Codex disagrees,Nachiketas,"शान्तसंकल्पः सुमना यथा स्याद्
वीतमन्युर्गौतमो माऽभि मृत्यो ।
त्वत्प्रसृष्टम् माऽभिवदेत्प्रतीत
एतत् त्रयाणां प्रथमं वरं वृणे ॥","śāntasaṃkalpaḥ sumanā yathā syād
vītamanyurgautamo mā'bhi mṛtyo |
tvatprasṛṣṭam mā'bhivadetpratīta
etat trayāṇāṃ prathamaṃ varaṃ vṛṇe ||","That Gautama, my father, may be calm in mind, cheerful, and free of anger towards me, O Death; that he may recognise and greet me when you send me back: this I choose as the first of the three boons.",disagree,“My father” is supplied by the English; this verse names Gautama but does not explicitly identify him as the speaker’s father.,"May Gautama be calm in mind, cheerful, and free of anger toward me; when sent back by you, may I be recognised and greeted by him.",,
KaU.1.1.18,Codex disagrees,Yama,"त्रिणाचिकेतस्त्रयमेतद्विदित्वा
य एवं विद्वाँश्चिनुते नाचिकेतम् ।
स मृत्युपाशान् पुरतः प्रणोद्य
शोकातिगो मोदते स्वर्गलोके ॥","triṇāciketastrayametadviditvā
ya evaṃ vidvām̐ścinute nāciketam |
sa mṛtyupāśān purataḥ praṇodya
śokātigo modate svargaloke ||","One who knows these three and, knowing this, builds the Nachiketa fire, casts off the nooses of death beforehand and, beyond sorrow, rejoices in the heaven-world.",disagree,"The English misrepresents or omits triṇāciketaḥ, which denotes one who has performed or kindled the Nachiketa fire three times, not simply one who “knows these three.”","The threefold Nachiketa practitioner, having known this triad and knowingly building the Nachiketa fire, casts off the nooses of death and rejoices beyond sorrow in heaven.",,
KaU.1.1.20,safety flags: death,Nachiketas,"येयं प्रेते विचिकित्सा मनुष्ये-
ऽस्तीत्येके नायमस्तीति चैके ।
एतद्विद्यामनुशिष्टस्त्वयाऽहं
वराणामेष वरस्तृतीयः ॥","yeyaṃ prete vicikitsā manuṣye-
'stītyeke nāyamastīti caike |
etadvidyāmanuśiṣṭastvayā'haṃ
varāṇāmeṣa varastṛtīyaḥ ||","There is this doubt about a person who has died: some say 'he is', others say 'he is not'. Taught by you, I would know this. This is the third of my boons.",agree,,,,
KaU.1.1.25,"safety flags: death, caste_gender",Yama,"ये ये कामा दुर्लभा मर्त्यलोके
सर्वान् कामाँश्छन्दतः प्रार्थयस्व ।
इमा रामाः सरथाः सतूर्या
न हीदृशा लम्भनीया मनुष्यैः ।
आभिर्मत्प्रत्ताभिः परिचारयस्व
नचिकेतो मरणं माऽनुप्राक्षीः ॥","ye ye kāmā durlabhā martyaloke
sarvān kāmām̐śchandataḥ prārthayasva |
imā rāmāḥ sarathāḥ satūryā
na hīdṛśā lambhanīyā manuṣyaiḥ |
ābhirmatprattābhiḥ paricārayasva
naciketo maraṇaṃ mā'nuprākṣīḥ ||","Whatever desires are hard to win in the world of mortals, ask for them all as you wish: these lovely women with chariots and music, such as no mortal can obtain. Be served by them, my gift to you. Nachiketas, do not ask about death.",agree,,,,
KaU.1.1.29,safety flags: death,Nachiketas,"यस्मिन्निदं विचिकित्सन्ति मृत्यो
यत्साम्पराये महति ब्रूहि नस्तत् ।
योऽयं वरो गूढमनुप्रविष्टो
नान्यं तस्मान्नचिकेता वृणीते ॥","yasminnidaṃ vicikitsanti mṛtyo
yatsāmparāye mahati brūhi nastat |
yo'yaṃ varo gūḍhamanupraviṣṭo
nānyaṃ tasmānnaciketā vṛṇīte ||","That about which people doubt, Death, concerning the great passing beyond: tell us that. This boon, which enters into what is hidden: Nachiketas chooses no other.",agree,,,,
KaU.1.2.6,safety flags: death,Yama,"न साम्परायः प्रतिभाति बालं
प्रमाद्यन्तं वित्तमोहेन मूढम् ।
अयं लोको नास्ति पर इति मानी
पुनः पुनर्वशमापद्यते मे ॥","na sāmparāyaḥ pratibhāti bālaṃ
pramādyantaṃ vittamohena mūḍham |
ayaṃ loko nāsti para iti mānī
punaḥ punarvaśamāpadyate me ||","The passage beyond does not shine for the childish, careless and deluded by wealth. 'This world exists, there is no other,' thinks such a person, and falls into my power again and again.",agree,,,,
KaU.1.2.11,random sample,Yama,"कामस्याप्तिं जगतः प्रतिष्ठां
क्रतोरानन्त्यमभयस्य पारम् ।
स्तोममहदुरुगायं प्रतिष्ठां दृष्ट्वा
धृत्या धीरो नचिकेतोऽत्यस्राक्षीः ॥","kāmasyāptiṃ jagataḥ pratiṣṭhāṃ
kratorānantyamabhayasya pāram |
stomamahadurugāyaṃ pratiṣṭhāṃ dṛṣṭvā
dhṛtyā dhīro naciketo'tyasrākṣīḥ ||","You saw the fulfilment of desire, the foundation of the world, the endless fruit of ritual, the far shore of fearlessness, the great and praised wide path, the firm standing; and, wise and steadfast, Nachiketas, you let them all go.",agree,,,,
KaU.1.2.13,random sample,Yama,"एतच्छ्रुत्वा सम्परिगृह्य मर्त्यः
प्रवृह्य धर्म्यमणुमेतमाप्य ।
स मोदते मोदनीयँ हि लब्ध्वा
विवृतँ सद्म नचिकेतसं मन्ये ॥","etacchrutvā samparigṛhya martyaḥ
pravṛhya dharmyamaṇumetamāpya |
sa modate modanīyam̐ hi labdhvā
vivṛtam̐ sadma naciketasaṃ manye ||","A mortal who has heard this, grasped it fully, drawn out this subtle Self that is true to dharma, and reached it, rejoices, having found what is truly worth rejoicing in. I think the house stands open for Nachiketas.",agree,,,,
KaU.1.2.18,"safety flags: death, under18_hold",Yama,"न जायते म्रियते वा विपश्चिन्
नायं कुतश्चिन्न बभूव कश्चित् ।
अजो नित्यः शाश्वतोऽयं पुराणो
न हन्यते हन्यमाने शरीरे ॥","na jāyate mriyate vā vipaścin
nāyaṃ kutaścinna babhūva kaścit |
ajo nityaḥ śāśvato'yaṃ purāṇo
na hanyate hanyamāne śarīre ||","The wise one is not born and does not die. It did not come from anywhere, and nothing came from it. Unborn, eternal, everlasting, ancient, it is not killed when the body is killed.",agree,,,,
KaU.1.2.19,"safety flags: war, death, under18_hold",Yama,"हन्ता चेन्मन्यते हन्तुँ हतश्चेन्मन्यते हतम् ।
उभौ तौ न विजानीतो नायँ हन्ति न हन्यते ॥","hantā cenmanyate hantum̐ hataścenmanyate hatam |
ubhau tau na vijānīto nāyam̐ hanti na hanyate ||","If the killer thinks he kills, and if the one killed thinks he is killed, neither of them understands: this does not kill, and is not killed.",agree,,,,
KaU.1.2.24,safety flags: distress_gentle,Yama,"नाविरतो दुश्चरितान्नाशान्तो नासमाहितः ।
नाशान्तमानसो वाऽपि प्रज्ञानेनैनमाप्नुयात् ॥","nāvirato duścaritānnāśānto nāsamāhitaḥ |
nāśāntamānaso vā'pi prajñānenainamāpnuyāt ||","One who has not turned away from wrongdoing, who is not calm, not collected, whose mind is not at peace, cannot reach it through knowledge.",agree,,,,
KaU.1.2.25,safety flags: death; random sample,Yama,"यस्य ब्रह्म च क्षत्रं च उभे भवत ओदनः ।
मृत्युर्यस्योपसेचनं क इत्था वेद यत्र सः ॥","yasya brahma ca kṣatraṃ ca ubhe bhavata odanaḥ |
mṛtyuryasyopasecanaṃ ka itthā veda yatra saḥ ||","For whom priesthood and kingship are both just rice, and death is the sauce poured on it: who, like this, knows where it is?",agree,,,,
KaU.1.3.1,Codex disagrees,Yama,"ऋतं पिबन्तौ सुकृतस्य लोके
गुहां प्रविष्टौ परमे परार्धे ।
छायातपौ ब्रह्मविदो वदन्ति
पञ्चाग्नयो ये च त्रिणाचिकेताः ॥","ṛtaṃ pibantau sukṛtasya loke
guhāṃ praviṣṭau parame parārdhe |
chāyātapau brahmavido vadanti
pañcāgnayo ye ca triṇāciketāḥ ||","Two drink the truth of their deeds in the world of good works, having entered the secret place, the highest seat. Knowers of Brahman call them shadow and light, as do householders who keep the five fires and those who have thrice kindled the Nachiketa fire.",disagree,"Here ṛtam is the recompense or fruit of deeds, not “the truth of their deeds.”","The two drink the recompense of deeds in the world of good works, having entered the secret place in the highest realm.",,
KaU.1.3.7,safety flags: distress_gentle,Yama,"यस्त्वविज्ञानवान्भवत्यमनस्कः सदाऽशुचिः ।
न स तत्पदमाप्नोति संसारं चाधिगच्छति ॥","yastvavijñānavānbhavatyamanaskaḥ sadā'śuciḥ |
na sa tatpadamāpnoti saṃsāraṃ cādhigacchati ||","Whoever lacks understanding, is unmindful and always impure, does not reach that goal, but goes on into the round of rebirth.",agree,,,,
KaU.1.3.17,random sample,Upanishad,"य इमं परमं गुह्यं श्रावयेद् ब्रह्मसंसदि ।
प्रयतः श्राद्धकाले वा तदानन्त्याय कल्पते ।
तदानन्त्याय कल्पत इति ॥","ya imaṃ paramaṃ guhyaṃ śrāvayed brahmasaṃsadi |
prayataḥ śrāddhakāle vā tadānantyāya kalpate |
tadānantyāya kalpata iti ||","Whoever, purified, recites this supreme secret in an assembly of brahmins or at the time of the rites for the dead, gains what is endless; gains what is endless.",agree,,,,
KaU.2.1.2,Codex disagrees,Yama,"पराचः कामाननुयन्ति बाला-
स्ते मृत्योर्यन्ति विततस्य पाशम् ।
अथ धीरा अमृतत्वं विदित्वा
ध्रुवमध्रुवेष्विह न प्रार्थयन्ते ॥","parācaḥ kāmānanuyanti bālā-
ste mṛtyoryanti vitatasya pāśam |
atha dhīrā amṛtatvaṃ viditvā
dhruvamadhruveṣviha na prārthayante ||","The childish run after outward pleasures and walk into the wide-spread net of death. But the wise, knowing what is truly immortal, seek nothing here among the unstable things.",disagree,"“Seek nothing” is broader than the Sanskrit and omits the object dhruvam, “the permanent.”","The wise, having recognized immortality, do not seek the permanent here among impermanent things.",,
KaU.2.1.3,Codex disagrees,Yama,"येन रूपं रसं गन्धं शब्दान् स्पर्शाँश्च मैथुनान् ।
एतेनैव विजानाति किमत्र परिशिष्यते ।
एतद्वै तत् ॥","yena rūpaṃ rasaṃ gandhaṃ śabdān sparśām̐śca maithunān |
etenaiva vijānāti kimatra pariśiṣyate |
etadvai tat ||","That by which one knows form, taste, smell, sounds, touches and the pleasures of love: by this alone one knows. What remains here? This, truly, is that.",disagree,"“The pleasures of love” softens and changes maithunān, which refers specifically to sexual unions or intercourse.","By that one knows form, taste, smell, sounds, touches, and sexual unions.",,
KaU.2.1.10,Codex disagrees; safety flags: death,Yama,"यदेवेह तदमुत्र यदमुत्र तदन्विह ।
मृत्योः स मृत्युमाप्नोति य इह नानेव पश्यति ॥","yadeveha tadamutra yadamutra tadanviha |
mṛtyoḥ sa mṛtyumāpnoti ya iha nāneva paśyati ||",What is here is there; what is there is here. Whoever sees difference here goes from death to death.,disagree,"The translation omits iva, “as if,” and therefore loses the verse’s indication that the perceived plurality is only apparent.",Whoever sees here as if there were plurality goes from death to death.,,
KaU.2.1.11,Codex disagrees; safety flags: death,Yama,"मनसैवेदमाप्तव्यं नेह नानाऽस्ति किंचन ।
मृत्योः स मृत्युं गच्छति य इह नानेव पश्यति ॥","manasaivedamāptavyaṃ neha nānā'sti kiṃcana |
mṛtyoḥ sa mṛtyuṃ gacchati ya iha nāneva paśyati ||",By the mind alone is this to be reached: there is no difference here at all. Whoever sees difference here goes from death to death.,disagree,"The translation omits iva, “as if,” and therefore loses the verse’s indication that the perceived plurality is only apparent.",There is no plurality here at all; whoever sees here as if there were plurality goes from death to death.,,
KaU.2.2.4,safety flags: death,Yama,"अस्य विस्रंसमानस्य शरीरस्थस्य देहिनः ।
देहाद्विमुच्यमानस्य किमत्र परिशिष्यते ।
एतद्वै तत् ॥","asya visraṃsamānasya śarīrasthasya dehinaḥ |
dehādvimucyamānasya kimatra pariśiṣyate |
etadvai tat ||","When this embodied one, dwelling in the body, slips away and is freed from the body, what remains here? This, truly, is that.",agree,,,,
KaU.2.2.6,safety flags: death,Yama,"हन्त त इदं प्रवक्ष्यामि गुह्यं ब्रह्म सनातनम् ।
यथा च मरणं प्राप्य आत्मा भवति गौतम ॥","hanta ta idaṃ pravakṣyāmi guhyaṃ brahma sanātanam |
yathā ca maraṇaṃ prāpya ātmā bhavati gautama ||","Now, Gautama, I will tell you this secret, eternal Brahman, and what becomes of the self after reaching death.",agree,,,,
KaU.2.2.7,safety flags: death,Yama,"योनिमन्ये प्रपद्यन्ते शरीरत्वाय देहिनः ।
स्थाणुमन्येऽनुसंयन्ति यथाकर्म यथाश्रुतम् ॥","yonimanye prapadyante śarīratvāya dehinaḥ |
sthāṇumanye'nusaṃyanti yathākarma yathāśrutam ||","Some embodied beings enter a womb to take on a body; others pass into a stationary thing, according to their deeds and according to their knowledge.",agree,,,,
KaU.2.3.1,Codex disagrees,Yama,"ऊर्ध्वमूलोऽवाक्शाख एषोऽश्वत्थः सनातनः ।
तदेव शुक्रं तद्ब्रह्म तदेवामृतमुच्यते ।
तस्मिँल्लोकाः श्रिताः सर्वे तदु नात्येति कश्चन ।
एतद्वै तत् ॥","ūrdhvamūlo'vākśākha eṣo'śvatthaḥ sanātanaḥ |
tadeva śukraṃ tadbrahma tadevāmṛtamucyate |
tasmim̐llokāḥ śritāḥ sarve tadu nātyeti kaścana |
etadvai tat ||","This is the ancient fig tree, with roots above and branches below. That is the bright, that is Brahman, that alone is called immortal. In it all the worlds rest, and no one goes beyond it. This, truly, is that.",disagree,"“Ancient” weakens sanātana, which means eternal or everlasting, not merely very old.","This is the eternal aśvattha tree, with its root above and branches below.",,
KaU.2.3.3,random sample,Yama,"भयादस्याग्निस्तपति भयात्तपति सूर्यः ।
भयादिन्द्रश्च वायुश्च मृत्युर्धावति पञ्चमः ॥","bhayādasyāgnistapati bhayāttapati sūryaḥ |
bhayādindraśca vāyuśca mṛtyurdhāvati pañcamaḥ ||","From fear of it fire burns; from fear the sun gives heat; from fear Indra and the Wind, and Death as the fifth, run their course.",agree,,,,
KaU.2.3.4,safety flags: death; random sample,Yama,"इह चेदशकद्बोद्धुं प्राक्षरीरस्य विस्रसः ।
ततः सर्गेषु लोकेषु शरीरत्वाय कल्पते ॥","iha cedaśakadboddhuṃ prākṣarīrasya visrasaḥ |
tataḥ sargeṣu lokeṣu śarīratvāya kalpate ||","If one can come to know it here, before the body falls away, [one is freed]; otherwise one becomes fit to take a body again in the created worlds.",agree,,,,
KaU.2.3.7,Codex disagrees,Yama,"इन्द्रियेभ्यः परं मनो मनसः सत्त्वमुत्तमम् ।
सत्त्वादधि महानात्मा महतोऽव्यक्तमुत्तमम् ॥","indriyebhyaḥ paraṃ mano manasaḥ sattvamuttamam |
sattvādadhi mahānātmā mahato'vyaktamuttamam ||","Beyond the senses is the mind; beyond the mind is the intellect, the highest; beyond the intellect is the great self; beyond the great is the unmanifest, the highest.",disagree,Calling both the intellect and the unmanifest “the highest” gives them absolute supremacy and conflicts with the hierarchy stated in this and the following verse. Here uttamam has a relational sense: each is higher than the preceding principle.,The mind is beyond the senses; the intellect is higher than the mind; the great Self is above the intellect; and the unmanifest is higher than the great Self.,,
KaU.2.3.16,safety flags: death,Yama,"शतं चैका च हृदयस्य नाड्य-
स्तासां मूर्धानमभिनिःसृतैका ।
तयोर्ध्वमायन्नमृतत्वमेति
विष्वङ्ङन्या उत्क्रमणे भवन्ति ॥","śataṃ caikā ca hṛdayasya nāḍya-
stāsāṃ mūrdhānamabhiniḥsṛtaikā |
tayordhvamāyannamṛtatvameti
viṣvaṅṅanyā utkramaṇe bhavanti ||","A hundred and one are the channels of the heart; one of them goes up to the crown of the head. Going up by it, one reaches immortality; the others lead in every direction at the time of departure.",agree,,,,
NS.2,Codex disagrees,Bhartrihari,"अज्ञः सुखमाराध्यः सुखतरमाराध्यते विशेषज्ञः ।
ज्ञानलवदुर्विदग्धं ब्रह्माऽपि तं नरं न रञ्जयति ॥","ajñaḥ sukhamārādhyaḥ sukhataramārādhyate viśeṣajñaḥ |
jñānalavadurvidagdhaṃ brahmā'pi taṃ naraṃ na rañjayati ||","An ignorant person is easily persuaded; an expert is persuaded more easily still; but someone puffed up by a scrap of knowledge, not even Brahma himself can win over.",disagree,"ārādhya and rañjayati concern pleasing, satisfying, or winning someone over, not persuading them intellectually.","An ignorant person is easily pleased, and an expert still more easily; but not even Brahma can please or win over a person made conceited by a little knowledge.",,
NS.9,Codex disagrees,Bhartrihari,"कृमिकुलचितं लालाक्लिन्नं विगन्धि जुगुप्सितं निरुपमरसं प्रीत्या खादन्नरास्थि निरामिषम्।
सुरपतिमपि श्वा पार्श्वस्थं विलोक्य न शङ्कते न हि गणयति क्षुद्रो जन्तुः परिग्रहफल्गुताम् ॥","kṛmikulacitaṃ lālāklinnaṃ vigandhi jugupsitaṃ nirupamarasaṃ prītyā khādannarāsthi nirāmiṣam|
surapatimapi śvā pārśvasthaṃ vilokya na śaṅkate na hi gaṇayati kṣudro jantuḥ parigrahaphalgutām ||","Gnawing with relish a human bone, crawling with worms, wet with saliva, foul-smelling, disgusting and without meat, a dog does not flinch even at Indra standing beside it; a petty creature does not see how worthless its possession is.",disagree,"The rendering omits nirupamarasam, which describes the bone as having incomparable flavour, in addition to saying that the dog eats it with relish.","The dog gladly eats a meatless human bone that is worm-covered, saliva-soaked, foul-smelling and disgusting, yet of incomparable flavour; it does not heed even Indra nearby, since a petty creature does not recognize the worthlessness of its possession.",,
NS.12,safety flags: distress_gentle,Bhartrihari,"साहित्यसङ्गीतकलाविहीनः साक्षात्पशुः पुच्छविषाणहीनः।
तृणं न खादन्नपि जीवमान-स्तद्भागधेयं परमं पशूनाम् ॥","sāhityasaṅgītakalāvihīnaḥ sākṣātpaśuḥ pucchaviṣāṇahīnaḥ|
tṛṇaṃ na khādannapi jīvamāna-stadbhāgadheyaṃ paramaṃ paśūnām ||","One without literature, music or art is plainly an animal without tail or horns; that it lives without eating grass is the great good fortune of the animals.",agree,,,,
NS.13,safety flags: distress_gentle,Bhartrihari,"येषां न विद्या न तपो न दानं ज्ञानं न शीलं न गुणो न धर्मः।
ते मर्त्यलोके भुवि भारभूता मनुष्यरूपेण मृगाश्चरन्ति ॥","yeṣāṃ na vidyā na tapo na dānaṃ jñānaṃ na śīlaṃ na guṇo na dharmaḥ|
te martyaloke bhuvi bhārabhūtā manuṣyarūpeṇa mṛgāścaranti ||","Those who have no learning, no discipline, no generosity, no knowledge, no good character, no virtue and no dharma are a burden on the earth in the world of mortals; they roam about as beasts in human form.",agree,,,,
NS.21,Codex disagrees,Bhartrihari,"क्षान्तिश्चेद्वचनेन किं किमरिभिः क्रोधोऽस्ति चेद्देहिनां
ज्ञातिश्चेदनलेन किं यदि सुहृद्दिव्यौषधैः किं फलम्।
किं सर्पैर्यदि दुर्जनाः किमु धनैर्विद्याऽनवद्या यदि
व्रीडा चेत्किमु भूषणैः सुकविता यद्यस्ति राज्येन किम् ॥","kṣāntiścedvacanena kiṃ kimaribhiḥ krodho'sti ceddehināṃ
jñātiścedanalena kiṃ yadi suhṛddivyauṣadhaiḥ kiṃ phalam|
kiṃ sarpairyadi durjanāḥ kimu dhanairvidyā'navadyā yadi
vrīḍā cetkimu bhūṣaṇaiḥ sukavitā yadyasti rājyena kim ||","If one has forbearance, what need of armour? If anger, what need of enemies? If kin, what need of fire? If a true friend, what use are divine medicines? If wicked people are near, what need of snakes? If one has faultless learning, what use is wealth? If modesty, what need of ornaments? If fine poetry, what need of a kingdom?",disagree,"The supplied Sanskrit has vacanena, “speech” or “words,” not kavacena, “armour”; the English silently follows a different reading.","As the text stands, it asks: “If there is forbearance, what need is there of speech?” The remaining comparisons are rendered correctly.",,
NS.22,"safety flags: war, caste_gender",Bhartrihari,"दाक्षिण्यं स्वजने दया परजने शाठ्यं सदा दुर्जने
प्रीतिः साधुजने नयो नृपजने विद्वज्जनेष्वार्जवम्।
शौर्यं शत्रुजने क्षमा गुरुजने कान्ताजने धृष्टता,
ये चैवं पुरुषाः कलासु कुशलास्तेष्वेव लोकस्थितिः ॥","dākṣiṇyaṃ svajane dayā parajane śāṭhyaṃ sadā durjane
prītiḥ sādhujane nayo nṛpajane vidvajjaneṣvārjavam|
śauryaṃ śatrujane kṣamā gurujane kāntājane dhṛṣṭatā,
ye caivaṃ puruṣāḥ kalāsu kuśalāsteṣveva lokasthitiḥ ||","Courtesy towards one's own people, kindness towards strangers, cunning always towards the wicked, affection for the good, tact with those in power, straightforwardness with the learned, courage against enemies, forbearance towards elders, boldness with women: the world rests on people skilled in these arts.",agree,,,,
NS.25,Codex disagrees,Bhartrihari,"सूनुः सच्चरितः सती प्रियतमा स्वामी प्रसादोन्मुखः स्निग्धं मित्रमवञ्चकः परिजनो निक्लेशलेशं मनः।
आकारो रुचिरः स्थिरश्च विभवो विद्यावदातं मुखं तुष्टे विष्टपहारिणीष्टदहरौ संप्राप्यते देहिना ॥","sūnuḥ saccaritaḥ satī priyatamā svāmī prasādonmukhaḥ snigdhaṃ mitramavañcakaḥ parijano nikleśaleśaṃ manaḥ|
ākāro ruciraḥ sthiraśca vibhavo vidyāvadātaṃ mukhaṃ tuṣṭe viṣṭapahāriṇīṣṭadaharau saṃprāpyate dehinā ||","A son of good conduct, a faithful beloved, a gracious master, an affectionate friend, honest servants, a mind without the least distress, a pleasing appearance, steady wealth, a face made bright by learning: these come to an embodied being when Vishnu, who grants all wishes, is pleased.",disagree,"The English omits the epithet viṣṭapahārin, “taker-away or destroyer of the world,” applied to Hari.","All the listed blessings are obtained when wish-granting Hari, the taker-away of the world, is pleased.",,
NS.28,safety flags: death,Bhartrihari,"असन्तो नाभ्यर्थ्याः सुहृदपि न याच्यः कृशधनः प्रिया न्याय्या वृत्तिर्मलिनमसुभङ्गेऽप्यसुकरम्।
विपद्युच्चैः स्थेयं पदमनुविधेयं च महतां सतां केनोद्दिष्टं विषममसिधाराव्रतमिदम् ॥","asanto nābhyarthyāḥ suhṛdapi na yācyaḥ kṛśadhanaḥ priyā nyāyyā vṛttirmalinamasubhaṅge'pyasukaram|
vipadyuccaiḥ stheyaṃ padamanuvidheyaṃ ca mahatāṃ satāṃ kenoddiṣṭaṃ viṣamamasidhārāvratamidam ||","The wicked are not to be begged from; a friend with little money is not to be asked; one's living should be just and dear to one; a wrong act should be avoided even at the cost of life; in adversity, stand tall; follow the path of the great. Who taught the good this hard vow, like walking on a sword's edge?",agree,,,,
NS.32,safety flags: death,Bhartrihari,"परिवर्तिनि संसारे मृतः को वा न जायते।
स जातो येन जातेन याति वंशः समुन्नतिम् ॥","parivartini saṃsāre mṛtaḥ ko vā na jāyate|
sa jāto yena jātena yāti vaṃśaḥ samunnatim ||","In this turning world, who that has died is not born again? That one alone is born by whose birth the family rises to greatness.",agree,,,,
NS.36,safety flags: war,Bhartrihari,"वरं पक्षच्छेदः समदमघवन्मुक्तकुलिश-प्रहारैरुद्गच्छद्बहुलदहनोद्गारगुरुभिः।
तुषाराद्रेः सूनोरहह ! पितरि क्लेशविवशे न चासौ सम्पातः पयसि पयसां पत्युरुचितः ॥","varaṃ pakṣacchedaḥ samadamaghavanmuktakuliśa-prahārairudgacchadbahuladahanodgāragurubhiḥ|
tuṣārādreḥ sūnorahaha ! pitari kleśavivaśe na cāsau sampātaḥ payasi payasāṃ patyurucitaḥ ||","Better to have one's wings cut off by blows of the proud Indra's thunderbolt, heavy with bursting flames, than this: that the son of the snowy mountain, while his father suffered helplessly, should drop into the waters of the ocean. That was not fitting.",agree,,,,
NS.42,Codex disagrees,Bhartrihari,"दौर्मन्त्र्यान्नृपतिर्विनश्यति यतिः सङ्गात्सुतो लालना- द्विप्रोऽनध्ययनात्कुलं कुतनयाच्छीलं खलोपासनात्।
ह्रीर्मद्यादनवेक्षणादपि कृषिः स्नेहः प्रवासाश्रया- न्मैत्री चाप्रणयात्समृद्धिरनयात्त्यागात्प्रमादाद्धनम् ॥","daurmantryānnṛpatirvinaśyati yatiḥ saṅgātsuto lālanā- dvipro'nadhyayanātkulaṃ kutanayācchīlaṃ khalopāsanāt|
hrīrmadyādanavekṣaṇādapi kṛṣiḥ snehaḥ pravāsāśrayā- nmaitrī cāpraṇayātsamṛddhiranayāttyāgātpramādāddhanam ||","A king is ruined by bad counsel, an ascetic by attachment, a son by pampering, a brahmin by not studying, a family by a bad son, good conduct by serving the wicked, modesty by drink, farming by neglect, affection by living away, friendship by lack of warmth, prosperity by misrule, and wealth by careless spending.",disagree,"“Careless spending” merges two separate causes, tyāga and pramāda, and therefore omits their distinction.",Wealth is ruined through relinquishing or giving it away and through negligence or carelessness.,,
NS.44,"safety flags: war, caste_gender",Bhartrihari,"मणिः शाणोल्लीढः समरविजयी हेतिनिहतो मदक्षीणो नागः शरदि सरितः श्यानपुलिनाः।
कलाशेषश्चन्द्रः सुरतमृदिता बालललना स्तनिम्ना शोभन्ते गलितविभवाश्चार्थिषु जनाः ॥","maṇiḥ śāṇollīḍhaḥ samaravijayī hetinihato madakṣīṇo nāgaḥ śaradi saritaḥ śyānapulināḥ|
kalāśeṣaścandraḥ suratamṛditā bālalalanā stanimnā śobhante galitavibhavāścārthiṣu janāḥ ||","A gem polished on the whetstone, a victor wounded in battle, an elephant spent after rut, rivers with dry banks in autumn, the moon reduced to a sliver, a young woman tired from love-making, and people who have given away their wealth to those in need: these shine in their thinness.",agree,,,,
NS.45,Codex disagrees,Bhartrihari,"परिक्षीणः कश्चित्स्पृहयति यवानां प्रसृतये स पश्चात्सम्पूर्णो गणयति धरित्रीं तृणसमाम्।
अतश्चानैकान्त्याद्गुरुलघुतयाऽर्थेषु धनिना- मवस्था वस्तूनि प्रथयति च सङ्कोचयति च ॥","parikṣīṇaḥ kaścitspṛhayati yavānāṃ prasṛtaye sa paścātsampūrṇo gaṇayati dharitrīṃ tṛṇasamām|
ataścānaikāntyādgurulaghutayā'rtheṣu dhaninā- mavasthā vastūni prathayati ca saṅkocayati ca ||","A destitute person longs for a handful of barley; later, when full, the same person counts the whole earth as worth a straw. So, because nothing is fixed, the circumstances of the wealthy make things seem great or small, expanding them and shrinking them.",disagree,“When full” misleadingly suggests physical satiety; sampūrṇa here contrasts with destitution and means having become prosperous or wealthy.,"A destitute person longs for a handful of barley, but after becoming prosperous regards the entire earth as no more valuable than grass.",,
NS.47,safety flags: caste_gender,Bhartrihari,"सत्यानृता च परुषा प्रियवादिनी च हिंस्रा दयालुरपि चार्थपरा वदान्या।
नित्यव्यया प्रचुरनित्यधनागमा च वाराङ्गनेव नृपनीतिरनेकरूपा ॥","satyānṛtā ca paruṣā priyavādinī ca hiṃsrā dayālurapi cārthaparā vadānyā|
nityavyayā pracuranityadhanāgamā ca vārāṅganeva nṛpanītiranekarūpā ||","Truthful and false, harsh and sweet-spoken, cruel and kind, grasping and generous, always spending yet always gathering wealth: the policy of kings has many forms, like a courtesan.",agree,,,,
NS.48,safety flags: caste_gender,Bhartrihari,"आज्ञा कीर्तिः पालनं ब्राह्मणानां दानं भोगो मित्रसंरक्षणञ्च।
येषामेते षड्गुणा न प्रवृत्ताः कोऽर्थस्तेषां पार्थिवोपाश्रयेण ॥","ājñā kīrtiḥ pālanaṃ brāhmaṇānāṃ dānaṃ bhogo mitrasaṃrakṣaṇañca|
yeṣāmete ṣaḍguṇā na pravṛttāḥ ko'rthasteṣāṃ pārthivopāśrayeṇa ||","Command, fame, protection of brahmins, generosity, enjoyment and protecting friends: for those in whom these six qualities are not active, what is the use of relying on a king?",agree,,,,
NS.49,safety flags: fatalism,Bhartrihari,"यद्धात्रा निजभालपट्टलिखितं स्तोकं महद्वा धनं तत्प्राप्नोति मरुस्थलेऽपि नितरां मेरौ ततो नाधिकम्।
तद्धीरो भव वित्तवत्सु कृपणां वृत्तिं वृथा मा कृथाः कूपे पश्य पयोनिधावपि घटो गृद्य्णाति तुल्यं जलम् ॥","yaddhātrā nijabhālapaṭṭalikhitaṃ stokaṃ mahadvā dhanaṃ tatprāpnoti marusthale'pi nitarāṃ merau tato nādhikam|
taddhīro bhava vittavatsu kṛpaṇāṃ vṛttiṃ vṛthā mā kṛthāḥ kūpe paśya payonidhāvapi ghaṭo gṛdyṇāti tulyaṃ jalam ||","Whatever wealth, small or great, the Creator has written on one's forehead, one gets it even in the desert, and on Mount Meru no more than that. So be steady; do not humble yourself in vain before the wealthy. See: whether in a well or in the ocean, a pot holds the same amount of water.",agree,,,,
NS.55,"safety flags: death, distress_gentle",Bhartrihari,"लोभश्चेदगुणेन किं पिशुनता यद्यस्ति किं पातकैःसत्यं चेत्तपसा च किं शुचि मनो यद्यस्ति तीर्थेन किम्।
सौजन्यं यदि किं निजैः सुमहिमा यद्यस्ति किं मण्डनैः सद्विद्या यदि किं धनैरपयशो यद्यस्ति किं मृत्युना ॥","lobhaścedaguṇena kiṃ piśunatā yadyasti kiṃ pātakaiḥsatyaṃ cettapasā ca kiṃ śuci mano yadyasti tīrthena kim|
saujanyaṃ yadi kiṃ nijaiḥ sumahimā yadyasti kiṃ maṇḍanaiḥ sadvidyā yadi kiṃ dhanairapayaśo yadyasti kiṃ mṛtyunā ||","If there is greed, what need of other vices? If slander, what need of sins? If truth, what need of austerity? If the mind is pure, what need of pilgrimage? If goodness, what need of kin? If greatness, what need of ornaments? If true learning, what need of wealth? If disgrace, what need of death?",agree,,,,
NS.56,safety flags: caste_gender,Bhartrihari,"शशी दिवसधूसरो गलितयौवना कामिनी सरो विगतवारिजं मुखमनक्षरं स्वाकृतेः।
प्रभुर्धनपरायणः सततदुर्गतः सज्जनो नृपाङ्गनगतः खलो मनसि सप्त शल्यानि मे ॥","śaśī divasadhūsaro galitayauvanā kāminī saro vigatavārijaṃ mukhamanakṣaraṃ svākṛteḥ|
prabhurdhanaparāyaṇaḥ satatadurgataḥ sajjano nṛpāṅganagataḥ khalo manasi sapta śalyāni me ||","The moon grey in daytime, a lovely woman whose youth has passed, a lake without lotuses, a handsome face without learning, a master bent only on money, a good person always in hardship, and a wicked person at the king's court: these seven are thorns in my mind.",agree,,,,
NS.59,Codex disagrees,Bhartrihari,"उद्भासिताऽखिलखलस्य विश्रृङ्खलस्य प्राग्जातविस्तृतनिजाधमकर्मवृत्तेः।
दैवादवाप्तविभवस्य गुणद्विषोऽस्य नीचस्य गोचरगतैः सुखमाप्यते कैः ॥","udbhāsitā'khilakhalasya viśrṛṅkhalasya prāgjātavistṛtanijādhamakarmavṛtteḥ|
daivādavāptavibhavasya guṇadviṣo'sya nīcasya gocaragataiḥ sukhamāpyate kaiḥ ||","Who can find happiness in the sight of this low person, whose wickedness is plain, who knows no restraint, whose base ways began long ago and spread, who has gained wealth by luck, and who hates virtue?",disagree,"“In the sight of this low person” misreads गोचरगतैः: it refers to people who have come within his reach or sphere, not to people looking at him.","It asks what happiness can be attained by those who come within the reach of this unrestrained base man, whose vile conduct is longstanding, who gained wealth by fate, and who hates virtue.",,
NS.61,random sample,Bhartrihari,"मृगमीनसज्जनानां तृणजलसंतोषविहितवृत्तीनाम्।
लुब्धकधीवरपिशुना निष्कारणवैरिणो जगति ॥","mṛgamīnasajjanānāṃ tṛṇajalasaṃtoṣavihitavṛttīnām|
lubdhakadhīvarapiśunā niṣkāraṇavairiṇo jagati ||","Deer, fish and good people live content with grass, water and contentment; yet hunters, fishermen and slanderers are their enemies in the world without any cause.",agree,,,,
NS.63,safety flags: war,Bhartrihari,"विपदि धैर्यमथाभ्युदये क्षमा सदसि वाक्पटुता युधि विक्रमः।
यशसि चाभिरुचिर्व्यसनं श्रुतौ प्रकृतिसिद्धमिदं हि महात्मनाम् ॥","vipadi dhairyamathābhyudaye kṣamā sadasi vākpaṭutā yudhi vikramaḥ|
yaśasi cābhirucirvyasanaṃ śrutau prakṛtisiddhamidaṃ hi mahātmanām ||","Steadiness in adversity, forbearance in prosperity, eloquence in the assembly, valour in battle, a taste for good repute, and a passion for learning: this is the inborn nature of the great-souled.",agree,,,,
NS.65,Codex disagrees; safety flags: war,Bhartrihari,"करे श्लाघ्यस्त्यागः शिरसि गुरुपादप्रणयिता मुखे सत्या वाणी विजयि भुजयोर्वीर्यमतुलम्।
हृदि स्वच्छा वृत्तिः श्रुतमधिगतैकव्रतफलं विनाऽप्यैश्वर्येण प्रकृतिमहतां मण्डनमिदम् ॥","kare ślāghyastyāgaḥ śirasi gurupādapraṇayitā mukhe satyā vāṇī vijayi bhujayorvīryamatulam|
hṛdi svacchā vṛttiḥ śrutamadhigataikavrataphalaṃ vinā'pyaiśvaryeṇa prakṛtimahatāṃ maṇḍanamidam ||","Praiseworthy giving in the hand, devotion to the teacher's feet on the head, truthful speech in the mouth, unequalled victorious strength in the arms, a clear disposition in the heart, learning in the ears: these adorn the naturally great, even without riches.",disagree,"The English adds “in the ears,” which is absent from the supplied Sanskrit, and omits the qualification अधिगतैकव्रतफलम् attached to learning.",The supplied text lists a pure disposition in the heart and learning described as the attained fruit of a single-minded vow or discipline; these adorn the naturally great even without riches.,,
NS.67,Codex disagrees,Bhartrihari,"संतप्तायसि संस्थितस्य पयसो नामाऽपि न ज्ञायते मुक्ताकारतया तदेव नलिनीपत्रस्थितं राजते।
स्वात्यां सागरशुक्तिमध्यपतितं तन्मौक्तिकं जायते प्रायेणाधममध्यमोत्तमगुणः संसर्गतो जायते ॥","saṃtaptāyasi saṃsthitasya payaso nāmā'pi na jñāyate muktākāratayā tadeva nalinīpatrasthitaṃ rājate|
svātyāṃ sāgaraśuktimadhyapatitaṃ tanmauktikaṃ jāyate prāyeṇādhamamadhyamottamaguṇaḥ saṃsargato jāyate ||","On red-hot iron, a drop of water leaves not even a trace; on a lotus leaf, the same drop shines like a pearl; falling into a sea-shell at the right season, it becomes a pearl. As a rule, low, middling and high qualities come from the company one keeps.",disagree,“At the right season” replaces the specifically named Svāti with a generic reference to timing.,The drop becomes a pearl when it falls into a sea-oyster during Svāti.,,
NS.68,safety flags: caste_gender,Bhartrihari,"यः प्रीणयेत्सुचरितैः पितरं स पुत्रो यद्भर्तुरेव हितमिच्छति तत्कलत्रम्।
तन्मित्रमापदि सुखे च समक्रियं य- देतत्त्रयं जगति पुण्यकृतो लभन्ते ॥","yaḥ prīṇayetsucaritaiḥ pitaraṃ sa putro yadbhartureva hitamicchati tatkalatram|
tanmitramāpadi sukhe ca samakriyaṃ ya- detattrayaṃ jagati puṇyakṛto labhante ||",A son is one who pleases his father by good conduct; a wife is one who wishes only for her husband's good; a friend is one who acts the same in trouble and in happiness. Those who have done good deeds find these three in the world.,agree,,,,
NS.69,"safety flags: renunciation, caste_gender",Bhartrihari,"एको देवः केशवो वा शिवो वा ह्येकं मित्रं भूपतिर्वा यतिर्वा।
एको वासः पत्तने वा वने वा ह्येका भार्या सुन्दरी वा दरी वा ॥","eko devaḥ keśavo vā śivo vā hyekaṃ mitraṃ bhūpatirvā yatirvā|
eko vāsaḥ pattane vā vane vā hyekā bhāryā sundarī vā darī vā ||","One god, Keshava or Shiva; one friend, a king or an ascetic; one dwelling, in a city or a forest; one wife, a beautiful woman or a cave.",agree,,,,
NS.70,Codex disagrees,Bhartrihari,"नम्रत्वेनोन्नमन्तः परगुणकथनैः स्वान्गुणान्ख्यापयन्तः स्वार्थान्सम्पादयन्तो विततपृथुतरारम्भयत्नाः परार्थे।
क्षान्त्यैवाऽऽक्षेपरूक्षाक्षरमुखरमुखान् दुर्मुखान्दूषयन्तः सन्तः साश्चर्यचर्या जगति बहुमताः कस्य नाभ्यर्चनीयाः ॥","namratvenonnamantaḥ paraguṇakathanaiḥ svānguṇānkhyāpayantaḥ svārthānsampādayanto vitatapṛthutarārambhayatnāḥ parārthe|
kṣāntyaivā''kṣeparūkṣākṣaramukharamukhān durmukhāndūṣayantaḥ santaḥ sāścaryacaryā jagati bahumatāḥ kasya nābhyarcanīyāḥ ||","Rising by humility, making their own virtues known by speaking of others' virtues, achieving their own aims by great efforts for others, and shaming harsh-tongued slanderers by forbearance alone: who would not honour the good, whose ways are a wonder in the world?",disagree,"The word “by” makes great efforts for others sound like the means by which the good achieve their own aims. The Sanskrit juxtaposes their accomplishing their own aims with their extensive exertions for others, without making the latter a self-interested means.","The good rise through humility, reveal their virtues by praising others, accomplish their own aims while undertaking extensive efforts for others, and shame harsh-mouthed detractors through patience alone.",,
NS.84,safety flags: death,Bhartrihari,"निन्दन्तु नीतिनिपुणा यदि वा स्तुवन्तु लक्ष्मीः समाविशतु गच्छतु वा यथेष्टम्।
अद्यैव वा मरणमस्तु युगान्तरे वा न्यायात्पथः प्रविचलन्ति पदं न धीराः ॥","nindantu nītinipuṇā yadi vā stuvantu lakṣmīḥ samāviśatu gacchatu vā yatheṣṭam|
adyaiva vā maraṇamastu yugāntare vā nyāyātpathaḥ pravicalanti padaṃ na dhīrāḥ ||",Let the experts in policy blame or praise; let fortune come or go as it pleases; let death come today or after an age: the steadfast do not stray a single step from the path of justice.,agree,,,,
NS.85,safety flags: fatalism,Bhartrihari,"भग्नाशस्य करण्डपीडिततनोर्म्लानेन्द्रियस्य क्षुधा कृत्वाऽऽखुर्विवरं स्वयं निपतितो नक्तं मुखे भोगिनः।
तृप्तस्तत्पिशितेन सत्वरमसौ तेनैव यातः पथा लोकाः पश्यत दैवमेव हि नृणां वृद्धौ क्षये कारणम् ॥","bhagnāśasya karaṇḍapīḍitatanormlānendriyasya kṣudhā kṛtvā''khurvivaraṃ svayaṃ nipatito naktaṃ mukhe bhoginaḥ|
tṛptastatpiśitena satvaramasau tenaiva yātaḥ pathā lokāḥ paśyata daivameva hi nṛṇāṃ vṛddhau kṣaye kāraṇam ||","A snake, hopeless, its body crushed in a basket, its senses fading with hunger: a rat gnawed a hole and fell into its mouth at night by itself. Satisfied by its flesh, the snake quickly escaped by that same path. People, see: fate alone is the cause of rise and fall for humans.",agree,,,,
NS.88,"safety flags: fatalism, war",Bhartrihari,"नेता यस्य बृहस्पतिः प्रहरणं वज्रं सुराः सैनिकाः स्वर्गो दुर्गमनुग्रहः किल हरेरैरावतो वारणः।
इत्यैश्वर्यबलान्वितोऽपि बलभिद्भग्नः परैः सङ्गरे तद्युक्तं ननु दैवमेव शरणं धिग्धिग्वृथा पौरुषम् ॥","netā yasya bṛhaspatiḥ praharaṇaṃ vajraṃ surāḥ sainikāḥ svargo durgamanugrahaḥ kila harerairāvato vāraṇaḥ|
ityaiśvaryabalānvito'pi balabhidbhagnaḥ paraiḥ saṅgare tadyuktaṃ nanu daivameva śaraṇaṃ dhigdhigvṛthā pauruṣam ||","His leader was Brihaspati, his weapon the thunderbolt, the gods his soldiers, heaven his fortress, Hari's favour his support, Airavata his elephant: yet even Indra, with all this power and strength, was defeated by enemies in battle. So fate alone is the refuge; shame, shame on useless human effort.",agree,,,,
NS.89,safety flags: fatalism,Bhartrihari,"कर्मायत्तं फलं पुंसां बुद्धिः कर्मानुसारिणी।
तथाऽपि सुधिया भाव्यं सुविचार्यैव कुर्वता ॥","karmāyattaṃ phalaṃ puṃsāṃ buddhiḥ karmānusāriṇī|
tathā'pi sudhiyā bhāvyaṃ suvicāryaiva kurvatā ||","The fruits people reap depend on their actions, and the mind follows their actions. Even so, the wise should act only after careful thought.",agree,,,,
NS.90,safety flags: fatalism,Bhartrihari,"खल्वाटो दिवसेश्वरस्य किरणैः संतापितो मस्तके वाञ्छन्देशमनातपं विधिवशात्तालस्य मूलं गतः।
तत्राऽप्यस्य महाफलेन पतता भग्नं सशब्दं शिरः प्रायो गच्छति यत्र भाग्यरहितस्तत्रैव यान्त्यापदः ॥","khalvāṭo divaseśvarasya kiraṇaiḥ saṃtāpito mastake vāñchandeśamanātapaṃ vidhivaśāttālasya mūlaṃ gataḥ|
tatrā'pyasya mahāphalena patatā bhagnaṃ saśabdaṃ śiraḥ prāyo gacchati yatra bhāgyarahitastatraiva yāntyāpadaḥ ||","A bald man, his head scorched by the rays of the sun, seeking a shady spot, went by fate to the foot of a palm tree; there too, a great falling fruit broke his head with a crack. Usually, wherever the luckless go, misfortunes go too.",agree,,,,
NS.91,safety flags: fatalism,Bhartrihari,"गजभुजङ्गमयोरपि बन्धनं शशिदिवाकरयोर्ग्रहपीडनम्।
मतिमताञ्च विलोक्य दरिद्रतां विधिरहो ! बलवानिति मे मतिः ॥","gajabhujaṅgamayorapi bandhanaṃ śaśidivākarayorgrahapīḍanam|
matimatāñca vilokya daridratāṃ vidhiraho ! balavāniti me matiḥ ||","Seeing even elephants and snakes in bonds, the moon and sun troubled by eclipse, and the intelligent in poverty, my view is: ah, fate is strong.",agree,,,,
NS.92,"Codex disagrees; safety flags: fatalism, death",Bhartrihari,"सृजति तावदशेषगुणाकरं पुरुषरत्नमलङ्करणं भुवः।
तदपि तत्क्षणभङ्गि करोति चे- दहह ! कष्टमपण्डितता विधेः ॥","sṛjati tāvadaśeṣaguṇākaraṃ puruṣaratnamalaṅkaraṇaṃ bhuvaḥ|
tadapi tatkṣaṇabhaṅgi karoti ce- dahaha ! kaṣṭamapaṇḍitatā vidheḥ ||","Fate creates a jewel of a person, a mine of every virtue, an ornament to the earth, and then makes him perish in a moment. Alas, what a pity, the folly of fate!",disagree,The English turns the conditional cet (“if”) into a definite sequence and mistakes tad api (“even that”) for “and then.”,"Fate creates a jewel among men, a repository of every virtue and ornament of the earth; if it makes even that perish in an instant, alas for fate’s folly.",,
NS.93,safety flags: fatalism,Bhartrihari,"पत्रं नैव यदा करीरविटपे दोषो वसन्तस्य किं-नोलूकोऽप्यवलोकते यदि दिवा सूर्यस्य किं दूषणम्।
धारा नैव पतन्ति चातकमुखे मेघस्य किं दूषणं यत्पूर्वं विधिना ललाटलिखितं तन्मार्जितुं कः क्षमः ॥","patraṃ naiva yadā karīraviṭape doṣo vasantasya kiṃ-nolūko'pyavalokate yadi divā sūryasya kiṃ dūṣaṇam|
dhārā naiva patanti cātakamukhe meghasya kiṃ dūṣaṇaṃ yatpūrvaṃ vidhinā lalāṭalikhitaṃ tanmārjituṃ kaḥ kṣamaḥ ||","If the karira bush has no leaves, is spring at fault? If the owl does not see by day, is it the sun's fault? If rain does not fall into the chataka's mouth, is it the cloud's fault? Who can wipe away what the Creator wrote on the forehead long ago?",agree,,,,
NS.94,safety flags: fatalism,Bhartrihari,"नमस्यामो देवान्ननु हतविधेस्तेऽपि वशगा विधिर्वन्द्यः सोऽपि प्रतिनियतकर्मैकफलदः।
फलं कर्मायत्तं किममरगणैः किञ्च विधिना नमस्तत्कर्मभ्यो विधिरपि न येभ्यः प्रभवति ॥","namasyāmo devānnanu hatavidheste'pi vaśagā vidhirvandyaḥ so'pi pratiniyatakarmaikaphaladaḥ|
phalaṃ karmāyattaṃ kimamaragaṇaiḥ kiñca vidhinā namastatkarmabhyo vidhirapi na yebhyaḥ prabhavati ||","We bow to the gods; but they are under the power of wretched fate. Fate is to be revered; but it gives only the fixed fruit of actions. If the fruit depends on action, what use are the gods, and what use is fate? Salutations to those actions, over which even fate has no power.",agree,,,,
NS.95,safety flags: fatalism,Bhartrihari,"अपि च - ब्रह्मा येन कुलालवन्नियमितो ब्रह्माण्डभाण्डोदरे विष्णुर्येन दशावतारगहने क्षिप्तो महासंकटे।
रुद्रो येन कपालपाणिपुटके भिक्षाटनं कारितः सूर्यो भ्राम्यति नित्यमेव गगने तस्मै नमः कर्मणे ॥","api ca - brahmā yena kulālavanniyamito brahmāṇḍabhāṇḍodare viṣṇuryena daśāvatāragahane kṣipto mahāsaṃkaṭe|
rudro yena kapālapāṇipuṭake bhikṣāṭanaṃ kāritaḥ sūryo bhrāmyati nityameva gagane tasmai namaḥ karmaṇe ||","Moreover: by which Brahma is held like a potter within the pot of the universe, Vishnu is thrown into the great trouble of ten incarnations, Rudra is made to beg with a skull in his hand, and the sun wanders the sky every day: salutations to that karma.",agree,,,,
NS.96,safety flags: fatalism,Bhartrihari,"नैवाकृतिः फलति नैव कुलं न शीलं विद्यापि नैव न च यत्नकृताऽपि सेवा।
भाग्यानि पूर्वतपसा खलु सञ्चितानि काले फलन्ति पुरुषस्य यथैव वृक्षाः ॥","naivākṛtiḥ phalati naiva kulaṃ na śīlaṃ vidyāpi naiva na ca yatnakṛtā'pi sevā|
bhāgyāni pūrvatapasā khalu sañcitāni kāle phalanti puruṣasya yathaiva vṛkṣāḥ ||","Neither appearance bears fruit, nor family, nor character, nor even learning, nor service done with effort. Only the fortunes stored up by past austerities bear fruit for a person in time, as trees do.",agree,,,,
NS.97,"safety flags: war, fatalism",Bhartrihari,"वने रणे शत्रुजलाग्निमध्ये महार्णवे पर्वतमस्तके वा।
सुप्तं प्रमत्तं विषमस्थितं वा रक्षन्ति पुण्यानि पुरा कृतानि ॥","vane raṇe śatrujalāgnimadhye mahārṇave parvatamastake vā|
suptaṃ pramattaṃ viṣamasthitaṃ vā rakṣanti puṇyāni purā kṛtāni ||","In the forest, in battle, amid enemies, water and fire, on the great ocean or a mountain top, whether asleep, careless or in danger, the good deeds done before protect a person.",agree,,,,
NS.101,"safety flags: fatalism, war",Bhartrihari,"मज्जत्वम्भसि यातु मेरुशिखरं शत्रूञ्जयत्वाहवे वाणिज्यं कृषिसेवनादिसकला विद्याः कलाः शिक्षताम्।
आकाशं विपुलं प्रयातु खगवत्कृत्वा प्रयत्नं महा- न्नाभाव्यं भवतीह कर्मवशतो भाव्यस्य नाशः कुतः ॥","majjatvambhasi yātu meruśikharaṃ śatrūñjayatvāhave vāṇijyaṃ kṛṣisevanādisakalā vidyāḥ kalāḥ śikṣatām|
ākāśaṃ vipulaṃ prayātu khagavatkṛtvā prayatnaṃ mahā- nnābhāvyaṃ bhavatīha karmavaśato bhāvyasya nāśaḥ kutaḥ ||","Let him dive into the water, go to the top of Meru, conquer enemies in battle, learn trade, farming, service and all the arts and sciences, fly through the wide sky like a bird with great effort: what is not to be will not happen here, through the power of karma, and how can what is to be be destroyed?",agree,,,,
NS.102,safety flags: fatalism,Bhartrihari,"भीमं वनं भवति तस्य पुरं प्रधानं सर्वे जनाः सुजनतामुपयान्ति तस्य।
कृत्स्ना च भूर्भवति सन्निधिरत्नपूर्णा यस्यास्ति पूर्वसुकृतं विपुलं नरस्य ॥","bhīmaṃ vanaṃ bhavati tasya puraṃ pradhānaṃ sarve janāḥ sujanatāmupayānti tasya|
kṛtsnā ca bhūrbhavati sannidhiratnapūrṇā yasyāsti pūrvasukṛtaṃ vipulaṃ narasya ||","For the person who has abundant past good deeds, a fearsome forest becomes a chief city, all people become good to him, and the whole earth becomes full of treasures and jewels.",agree,,,,
NS.103,Codex disagrees,Bhartrihari,"को लाभो गुणिसङ्गमः किमसुखं प्राज्ञेतरैः सङ्गतिः का हानिः समयच्युतिर्निपुणता का धर्मतत्त्वे रतिः।
कः शूरो विजितेन्द्रियः प्रियतमा काऽनुव्रता किं धनं विद्या किं सुखमप्रवासगमनं राज्यं किमाज्ञाफलम् ॥","ko lābho guṇisaṅgamaḥ kimasukhaṃ prājñetaraiḥ saṅgatiḥ kā hāniḥ samayacyutirnipuṇatā kā dharmatattve ratiḥ|
kaḥ śūro vijitendriyaḥ priyatamā kā'nuvratā kiṃ dhanaṃ vidyā kiṃ sukhamapravāsagamanaṃ rājyaṃ kimājñāphalam ||",What is gain? The company of the virtuous. What is unhappiness? Company with fools. What is loss? Missing the right moment. What is skill? Delight in the truth of dharma. Who is a hero? One who has mastered the senses. Who is dearest? A faithful partner. What is wealth? Learning. What is happiness? Not having to live away from home. What is a kingdom? Having one's word obeyed.,disagree,“A faithful partner” modernizes away the explicitly feminine reference and the traditional relationship expressed by anuvratā.,"Asked who is the dearest woman or wife, the verse answers: one who is devoted or faithful to her husband.",,
NS.107,safety flags: caste_gender; random sample,Bhartrihari,"कान्ताकटाक्षविशखा न लुनन्ति यस्य चित्तं न निर्दहति कोपकृशानुतापः।
कर्षन्ति भूरिविषयाश्च न लोभपाशै- र्लोकत्रयं जयति कृत्स्नमिदं स धीरः ॥","kāntākaṭākṣaviśakhā na lunanti yasya cittaṃ na nirdahati kopakṛśānutāpaḥ|
karṣanti bhūriviṣayāśca na lobhapāśai- rlokatrayaṃ jayati kṛtsnamidaṃ sa dhīraḥ ||","Whose mind is not pierced by the arrows of a lover's glances, not burnt by the fire of anger, and not dragged by the many objects of the senses with the nooses of greed: that steadfast person conquers all three worlds.",agree,,,,
NS.108,safety flags: war,Bhartrihari,"एकेनापि हि शूरेण पादाक्रान्तं महीतलम्।
क्रियते भास्करेणेव स्फारस्फुरिततेजसा ॥","ekenāpi hi śūreṇa pādākrāntaṃ mahītalam|
kriyate bhāskareṇeva sphārasphuritatejasā ||","Even by one brave person the whole earth is brought under foot, as by the sun with its blazing brilliance.",agree,,,,
NS.110,"safety flags: death, under18_hold; random sample",Bhartrihari,"लज्जागुणौघजननीं जननीमिव स्वा-मत्यन्तशुद्धहृदयामनुवर्त्तमानाम्।
तेजस्विनः सुखमसूनपि संत्यजन्ति सत्यव्रतव्यसनिनो न पुनः प्रतिज्ञाम् ॥","lajjāguṇaughajananīṃ jananīmiva svā-matyantaśuddhahṛdayāmanuvarttamānām|
tejasvinaḥ sukhamasūnapi saṃtyajanti satyavratavyasanino na punaḥ pratijñām ||","Those of spirit, devoted to the vow of truth, will gladly give up even their life, but never their promise, which, like their own mother, is pure of heart, gives birth to a flood of virtues such as modesty, and always follows them.",agree,,,,
VN.1.18,Codex disagrees,Vidura,"विपरीततरश्च त्वं भागधेये न संमतः ।
अर्चिषां प्रक्षयाच्चैव धर्मात्मा धर्मकोविदः ॥","viparītataraśca tvaṃ bhāgadheye na saṃmataḥ |
arciṣāṃ prakṣayāccaiva dharmātmā dharmakovidaḥ ||","You are quite the opposite, not counted worthy of a share, though righteous and learned in dharma, because of the loss of your eyesight.",disagree,The English reverses bhāgadheye na saṃmataḥ: it does not say that Dhritarashtra is considered unworthy of a share. It also wrongly makes “righteous and learned in dharma” describe Dhritarashtra rather than Yudhishthira.,Dhritarashtra has acted quite oppositely and has not consented to Yudhishthira’s rightful share; Yudhishthira is righteous and versed in dharma. The verse also refers to the loss of light or eyesight.,,
VN.1.20,random sample,Vidura,"दुर्योधने सौबले च कर्णे दुःशासने तथा ।
एतेष्वैश्वर्यमाधाय कथं त्वं भूतिमिच्छसि ॥","duryodhane saubale ca karṇe duḥśāsane tathā |
eteṣvaiśvaryamādhāya kathaṃ tvaṃ bhūtimicchasi ||","Having placed your sovereignty in Duryodhana, Shakuni, Karna and Duhshasana, how can you hope for prosperity?",agree,,,,
VN.1.21,Codex disagrees,Vidura,"एकस्मात्वृक्षाद्यज्ञपत्राणि राजन्
स्रुक्च द्रौणी पेठनीपीडने च ।
एतस्माद्राजन्ब्रुवतो मे निबोध
एकस्माद्वै जायतेऽसच्च सच्च ॥","ekasmātvṛkṣādyajñapatrāṇi rājan
srukca drauṇī peṭhanīpīḍane ca |
etasmādrājanbruvato me nibodha
ekasmādvai jāyate'sacca sacca ||","From one tree, king, come the vessels for sacrifice, the ladle, the trough and the press. From this, king, learn from me as I speak: from one source arise both the bad and the good.",disagree,"The English collapses or omits one of the final two implements: peṭhanī and pīḍana are separately named, but only one “press” is given.","From one tree come the sacrificial vessels, the ladle, the trough, the peṭhanī and the pīḍana; likewise, both bad and good arise from one source.",,
VN.1.27,Codex disagrees,Vidura,"यस्य संसारिणी प्रज्ञा धर्मार्थावनुवर्तते ।
कामादर्थं वृणीते यः स वै पण्डित उच्यते ॥","yasya saṃsāriṇī prajñā dharmārthāvanuvartate |
kāmādarthaṃ vṛṇīte yaḥ sa vai paṇḍita ucyate ||","One whose practical understanding follows dharma and true benefit, and who chooses real benefit over pleasure, is called wise.",disagree,"“True benefit” and “real benefit” reinterpret artha by adding the qualification “true/real.” Here artha is advantage, material interest or profit, contrasted with kāma.","One whose practical intelligence follows dharma and artha, and who chooses artha rather than kāma, is called wise.",,
VN.1.29,Codex disagrees,Vidura,"क्षिप्रं विजानाति चिरं शृणोति
विज्ञाय चार्थं भजते न कामात् ।
नासम्पृष्टो व्यौपयुङ्क्ते परार्थे
तत्प्रज्ञानं प्रथमं पण्डितस्य ॥","kṣipraṃ vijānāti ciraṃ śṛṇoti
vijñāya cārthaṃ bhajate na kāmāt |
nāsampṛṣṭo vyaupayuṅkte parārthe
tatprajñānaṃ prathamaṃ paṇḍitasya ||","Understanding quickly, listening long, acting on a matter only after grasping it and not out of desire, not offering opinions on others' affairs unasked: this is the first mark of the wise.",disagree,“Not offering opinions” is too narrow and introduces speech that the Sanskrit does not specify. The verb means not engaging or interfering in another person’s affairs without being asked.,"He understands quickly, listens at length, pursues a matter after understanding it rather than from desire, and does not engage in another’s affair unasked.",,
VN.1.37,Codex disagrees,Vidura,"अर्थं महान्तमासद्य विद्यामैश्वर्यमेव च ।
विचरत्यसमुन्नद्धो यस्य पण्डित उच्यते ॥","arthaṃ mahāntamāsadya vidyāmaiśvaryameva ca |
vicaratyasamunnaddho yasya paṇḍita ucyate ||","One who, having gained great wealth, learning or power, moves about without arrogance is called wise.",disagree,"The English changes the Sanskrit’s conjunction to an alternative: the verse says wealth, learning and power, not wealth, learning or power.","One who, having attained great wealth, learning and power, conducts himself without arrogance is called wise.",,
VN.1.39,Codex disagrees,Vidura,"स्वमर्थं यः परित्यज्य परार्थमनुतिष्ठति ।
मिथ्या चरति मित्रार्थे यश्च मूढः स उच्यते ॥","svamarthaṃ yaḥ parityajya parārthamanutiṣṭhati |
mithyā carati mitrārthe yaśca mūḍhaḥ sa ucyate ||","One who gives up their own business to pursue another's, and who behaves falsely in matters concerning friends, is called a fool.",disagree,"Mitrārthe means “for a friend’s sake” or “in a friend’s interest,” not merely “in matters concerning friends.” The English loses the stated purpose of the false conduct.","One who abandons his own interest to pursue another’s, and who acts falsely for a friend’s sake, is called a fool.",,
VN.1.40,Codex disagrees,Vidura,"अकामां कामयति यः कामयानां परित्यजेत् ।
बलवन्तं च यो द्वेष्टि तमाहुर्मूढचेतसम् ॥","akāmāṃ kāmayati yaḥ kāmayānāṃ parityajet |
balavantaṃ ca yo dveṣṭi tamāhurmūḍhacetasam ||","One who desires those who do not desire them and rejects those who do, and who hates the powerful, they call a fool.",disagree,"The first object, akāmām, is specifically a singular feminine person—a woman who does not desire him. Rendering it as the gender-neutral plural “those” removes that explicit sense.","One who desires a woman who does not desire him, abandons those who desire him, and hates a powerful person is called foolish-minded.",,
VN.1.45,Codex disagrees,Vidura,"अनाहूतः प्रविशति अपृष्टो बहु भाषते ।
विश्वसत्यप्रमत्तेषु मूढ चेता नराधमः ॥","anāhūtaḥ praviśati apṛṣṭo bahu bhāṣate |
viśvasatyapramatteṣu mūḍha cetā narādhamaḥ ||","Entering uninvited, talking much without being asked, and trusting the untrustworthy: such a person is a fool and the lowest of people.",disagree,"The supplied Sanskrit has apramatteṣu, “among vigilant or careful people,” not “the untrustworthy.” The English appears to follow a different or emended reading.","He enters uninvited, speaks at length without being asked, and places trust in vigilant or careful people; such a person is foolish-minded and the lowest of men.",,
VN.1.47,Codex disagrees,Vidura,"आत्मनो बलमाज्ञाय धर्मार्थपरिवर्जितम् ।
अलभ्यमिच्छन्नैष्कर्म्यान्मूढ बुद्धिरिहोच्यते ॥","ātmano balamājñāya dharmārthaparivarjitam |
alabhyamicchannaiṣkarmyānmūḍha buddhirihocyate ||","Not knowing their own strength, wanting what cannot be had without dharma or real benefit and without effort: such a person is called a fool.",disagree,"The supplied Sanskrit says ājñāya, “having known or assessed,” whereas the English says “not knowing,” which reverses the meaning. It also does not say that the desired object “cannot be had without dharma or real benefit.”","It speaks of having assessed one’s own strength, of the absence of dharma and artha, and of desiring the unattainable through inactivity; such a person is called foolish-minded.",,
VN.1.52,safety flags: war,Vidura,"एकं हन्यान्न वाहन्यादिषुर्मुक्तो धनुष्मता ।
बुद्धिर्बुद्धिमतोत्सृष्टा हन्याद्राष्ट्रं सराजकम् ॥","ekaṃ hanyānna vāhanyādiṣurmukto dhanuṣmatā |
buddhirbuddhimatotsṛṣṭā hanyādrāṣṭraṃ sarājakam ||",An arrow shot by an archer may kill one person or none; but a plan let loose by a clever mind can destroy a kingdom together with its king.,agree,,,,
VN.1.60,random sample,Vidura,"अतृणे पतितो वह्निः स्वयमेवोपशाम्यति ।
अक्षमावान्परं दोषैरात्मान्ं चैव योजयेत् ॥","atṛṇe patito vahniḥ svayamevopaśāmyati |
akṣamāvānparaṃ doṣairātmānṃ caiva yojayet ||","Fire falling where there is no grass goes out by itself; but one without forgiveness entangles others, and themselves too, in faults.",agree,,,,
VN.1.62,safety flags: caste_gender,Vidura,"द्वाविमौ ग्रसते भूमिः सर्पो बिलशयानिव ।
राजानं चाविरोद्धारं ब्राह्मणं चाप्रवासिनम् ॥","dvāvimau grasate bhūmiḥ sarpo bilaśayāniva |
rājānaṃ cāviroddhāraṃ brāhmaṇaṃ cāpravāsinam ||","The earth swallows these two as a snake swallows creatures lying in their holes: a king who does not resist, and a brahmin who never leaves home.",agree,,,,
VN.1.64,safety flags: caste_gender,Vidura,"द्वाविमौ पुरुषव्याघ्र परप्रत्यय कारिणौ ।
स्त्रियः कामित कामिन्यो लोकः पूजित पूजकः ॥","dvāvimau puruṣavyāghra parapratyaya kāriṇau |
striyaḥ kāmita kāminyo lokaḥ pūjita pūjakaḥ ||","These two, tiger among men, act on the belief of others: women who desire those desired by others, and people who honour whoever is honoured.",agree,,,,
VN.1.66,random sample,Vidura,"द्वावेव न विराजेते विपरीतेन कर्मणा ।
गृहस्थश्च निरारंभः कार्यवांश्चैव भिक्षुकः ॥","dvāveva na virājete viparītena karmaṇā |
gṛhasthaśca nirāraṃbhaḥ kāryavāṃścaiva bhikṣukaḥ ||","These two do not shine, acting against their role: a householder without enterprise, and a mendicant busy with worldly affairs.",agree,,,,
VN.1.69,safety flags: death,Vidura,"द्वावंभसि निवेष्टव्यौ गले बद्ध्वा दृढं शिलाम् ।
धनवन्तमदातारं दरिद्रं चातपस्विनम् ॥","dvāvaṃbhasi niveṣṭavyau gale baddhvā dṛḍhaṃ śilām |
dhanavantamadātāraṃ daridraṃ cātapasvinam ||","These two should be thrown into the water with a stone tied firmly to the neck: a rich person who does not give, and a poor person who does not practise austerity.",agree,,,,
VN.1.70,"safety flags: war, death, renunciation, under18_hold; random sample",Vidura,"द्वाविमौ पुरुषव्याघ्र सुर्यमण्डलभेदिनौ ।
परिव्राड्योगयुक्तश्च रणे चाभिमुखो हतः ॥","dvāvimau puruṣavyāghra suryamaṇḍalabhedinau |
parivrāḍyogayuktaśca raṇe cābhimukho hataḥ ||","These two, tiger among men, pierce the disc of the sun: a wandering ascetic joined in yoga, and one slain in battle while facing the enemy.",agree,,,,
VN.1.73,safety flags: caste_gender,Vidura,"त्रय एवाधना राजन्भार्या दासस्तथा सुतः ।
यत्ते समधिगच्छन्ति यस्य ते तस्य तद्धनम् ॥","traya evādhanā rājanbhāryā dāsastathā sutaḥ |
yatte samadhigacchanti yasya te tasya taddhanam ||","Three own no wealth, king: a wife, a slave and a son. Whatever they earn belongs to the one they belong to.",agree,,,,
VN.1.74,Codex disagrees; random sample,Vidura,"हरणं च परस्वानां परदाराभिमर्शनम् ।
सुहृदश्च परित्यागस्त्रयो दोषा क्षयावहः ॥","haraṇaṃ ca parasvānāṃ paradārābhimarśanam |
suhṛdaśca parityāgastrayo doṣā kṣayāvahaḥ ||","Taking what belongs to others, assaulting another's wife and abandoning a friend: these three faults bring ruin.",disagree,"“Assaulting” makes the act specifically violent, whereas par­adārābhimarśanam denotes touching or violating another man's wife—illicit sexual involvement—without necessarily implying force.","Taking others' property, violating another's wife, and abandoning a friend are three faults that bring ruin.",,
VN.1.76,Codex disagrees,Vidura,"वरप्रदानं राज्यां च पुत्रजन्म च भारत ।
शत्रोश्च मोक्षणं कृच्छ्रात्त्रीणि चैकं च तत्समम् ॥","varapradānaṃ rājyāṃ ca putrajanma ca bhārata |
śatrośca mokṣaṇaṃ kṛcchrāttrīṇi caikaṃ ca tatsamam ||","Receiving a boon, gaining a kingdom and the birth of a son, Bharata: these three, and a fourth, rescuing an enemy from distress, are equal.",disagree,"Varapradānam means granting or bestowing a boon, not receiving one.","Granting a boon, a kingdom, and the birth of a son—these three are equal to the single act of rescuing an enemy from distress.",,
VN.1.87,Codex disagrees,Vidura,"षड्दोषाः पुरुषेणेह हातव्या भूतिमिच्छता ।
निद्रा तन्द्री भयं क्रोध आलस्यं दीर्घसूत्रता ॥","ṣaḍdoṣāḥ puruṣeṇeha hātavyā bhūtimicchatā |
nidrā tandrī bhayaṃ krodha ālasyaṃ dīrghasūtratā ||","Six faults should be given up here by a person who wants to prosper: too much sleep, drowsiness, fear, anger, laziness and procrastination.",disagree,The qualification “too much” is not present in the Sanskrit; nidrā simply says “sleep.”,"The six faults to be abandoned by one seeking prosperity are sleep, drowsiness, fear, anger, laziness, and procrastination.",,
VN.1.89,Codex disagrees; safety flags: caste_gender,Vidura,"अरक्षितारं राजानं भार्यां चाप्रिय वादिनीम् ।
ग्रामकारं च गोपालं वनकामं च नापितम् ॥","arakṣitāraṃ rājānaṃ bhāryāṃ cāpriya vādinīm |
grāmakāraṃ ca gopālaṃ vanakāmaṃ ca nāpitam ||","a king who does not protect, a wife who speaks unkindly, a cowherd who wants to live in the village, and a barber who wants to live in the forest.",disagree,"The supplied Sanskrit reads grāmakāram, not grāmakāmam; therefore it does not say that the cowherd “wants to live in the village.” The English reflects a likely emendation of the text rather than the text provided.","As supplied, the verse lists a king who does not protect, an unpleasant-speaking wife, a grāmakāra cowherd, and a barber who desires the forest.",,
VN.1.91,random sample,Vidura,"अर्थागमो नित्यमरोगिता च
प्रिया च भार्या प्रियवादिनी च ।
वश्यश्च पुत्रोऽर्थकरी च विद्या
षट् जीवलोकस्य सुखानि राजन् ॥","arthāgamo nityamarogitā ca
priyā ca bhāryā priyavādinī ca |
vaśyaśca putro'rthakarī ca vidyā
ṣaṭ jīvalokasya sukhāni rājan ||","A steady income, constant good health, a beloved and sweet-spoken wife, an obedient son and knowledge that earns a living: these, king, are the six joys of the world of the living.",agree,,,,
VN.1.94,safety flags: caste_gender,Vidura,"प्रमदाः कामयानेषु यजमानेषु याजकाः ।
राजा विवदमानेषु नित्यं मूर्खेषु पण्डिताः ॥","pramadāḥ kāmayāneṣu yajamāneṣu yājakāḥ |
rājā vivadamāneṣu nityaṃ mūrkheṣu paṇḍitāḥ ||","women off the lustful, priests off those who sacrifice, the king off those who quarrel, and the learned always off fools.",agree,,,,
VN.1.95,safety flags: caste_gender,Vidura,"षडिमानि विनश्यन्ति मुहूर्तमनवेक्षणात् ।
गावः सेवा कृषिर्भार्या विद्या वृषलसंगतिः ॥","ṣaḍimāni vinaśyanti muhūrtamanavekṣaṇāt |
gāvaḥ sevā kṛṣirbhāryā vidyā vṛṣalasaṃgatiḥ ||","These six are ruined by a moment's neglect: cows, service, farming, a wife, learning and company with a shudra.",agree,,,,
VN.1.101,safety flags: caste_gender,Vidura,"स्त्रियोऽक्षा मृगया पानं वाक्पारुष्यं च पञ्चमम् ।
महच्च दण्डपारुष्यमर्थदूषणमेव च ॥","striyo'kṣā mṛgayā pānaṃ vākpāruṣyaṃ ca pañcamam |
mahacca daṇḍapāruṣyamarthadūṣaṇameva ca ||","women, dice, hunting, drinking, harsh speech as the fifth, great harshness in punishment, and misuse of wealth.",agree,,,,
VN.1.102,safety flags: caste_gender,Vidura,"अष्टौ पूर्वनिमित्तानि नरस्य विनशिष्यतः ।
ब्राह्मणान्प्रथमं द्वेष्टि ब्राह्मणैश्च विरुध्यते ॥","aṣṭau pūrvanimittāni narasya vinaśiṣyataḥ |
brāhmaṇānprathamaṃ dveṣṭi brāhmaṇaiśca virudhyate ||","There are eight signs of a man about to be destroyed: first, he hates brahmins and is at odds with brahmins;",agree,,,,
VN.1.103,Codex disagrees; safety flags: caste_gender,Vidura,"ब्राह्मण स्वानि चादत्ते ब्राह्मणांश्च जिघांसति ।
रमते निन्दया चैषां प्रशंसां नाभिनन्दति ॥","brāhmaṇa svāni cādatte brāhmaṇāṃśca jighāṃsati |
ramate nindayā caiṣāṃ praśaṃsāṃ nābhinandati ||",he takes brahmins' property and wishes to kill brahmins; he delights in blaming them and does not welcome their praise;,disagree,"“Their praise” naturally suggests praise given by the brahmins, whereas the Sanskrit means praise of the brahmins, contrasting with their censure.",He delights in censuring the brahmins and does not rejoice when they are praised.,,
VN.1.104,safety flags: caste_gender,Vidura,"नैतान्स्मरति कृत्येषु याचितश्चाभ्यसूयति ।
एतान्दोषान्नरः प्राज्ञो बुद्ध्या बुद्ध्वा विवर्जयेत् ॥","naitānsmarati kṛtyeṣu yācitaścābhyasūyati |
etāndoṣānnaraḥ prājño buddhyā buddhvā vivarjayet ||","he does not remember them in his rites, and resents them when asked. A wise person, understanding these faults, should avoid them.",agree,,,,
VN.1.122,random sample,Vidura,"न स्वे सुखे वै कुरुते प्रहर्षं
नान्यस्य दुःखे भवति प्रतीतः ।
दत्त्वा न पश्चात्कुरुतेऽनुतापं
न कत्थते सत्पुरुषार्य शीलः ॥","na sve sukhe vai kurute praharṣaṃ
nānyasya duḥkhe bhavati pratītaḥ |
dattvā na paścātkurute'nutāpaṃ
na katthate satpuruṣārya śīlaḥ ||","One who does not exult in his own happiness, does not rejoice at another's sorrow, does not regret having given, and does not boast: that is a good person of noble conduct.",agree,,,,
VN.1.126,safety flags: caste_gender,Vidura,"समैर्विवाहं कुरुते न हीनैः
समैः सख्यं व्यवहारं कथाश्च ।
गुणैर्विशिष्टांश्च पुरो दधाति
विपश्चितस्तस्य नयाः सुनीताः ॥","samairvivāhaṃ kurute na hīnaiḥ
samaiḥ sakhyaṃ vyavahāraṃ kathāśca |
guṇairviśiṣṭāṃśca puro dadhāti
vipaścitastasya nayāḥ sunītāḥ ||","One who marries among equals and not among inferiors, who makes friends, does business and converses with equals, and puts those of superior qualities first: that wise person's policies are well guided.",agree,,,,
VN.1.131,random sample,Vidura,"वने जाताः शापदग्धस्य राज्ञः
पाण्डोः पुत्राः पञ्च पञ्चेन्द्र कल्पाः ।
त्वयैव बाला वर्धिताः शिक्षिताश्च
तवादेशं पालयन्त्याम्बिकेय ॥","vane jātāḥ śāpadagdhasya rājñaḥ
pāṇḍoḥ putrāḥ pañca pañcendra kalpāḥ |
tvayaiva bālā vardhitāḥ śikṣitāśca
tavādeśaṃ pālayantyāmbikeya ||","Born in the forest to King Pandu, who was burnt by a curse, the five sons of Pandu, like five Indras, were raised and taught by you as boys, and they follow your command, son of Ambika.",agree,,,,
VN.2.2,Codex disagrees,Dhritarashtra,"त्वं मां यथावद्विदुर प्रशाधि
प्रज्ञा पूर्वं सर्वमजातशत्रोः ।
यन्मन्यसे पथ्यमदीनसत्त्व
श्रेयः करं ब्रूहि तद्वै कुरूणाम् ॥","tvaṃ māṃ yathāvadvidura praśādhi
prajñā pūrvaṃ sarvamajātaśatroḥ |
yanmanyase pathyamadīnasattva
śreyaḥ karaṃ brūhi tadvai kurūṇām ||","Instruct me properly, Vidura, about everything in Ajatashatru's mind. Whatever you think beneficial, you of undaunted spirit, tell me what will bring good to the Kurus.",disagree,"“Everything in Ajatashatru’s mind” is more specific than the Sanskrit. Here prajñāpūrvam means wisely or with understanding; the verse asks for instruction concerning Ajatashatru, not specifically a report of his thoughts.",Instruct me correctly and wisely concerning everything about Ajatashatru; tell me whatever you consider beneficial and conducive to the welfare of the Kurus.,,
VN.2.3,random sample,Dhritarashtra,"पापाशङ्गी पापमेव नौपश्यन्
पृच्छामि त्वां व्याकुलेनात्मनाहम् ।
कवे तन्मे ब्रूहि सर्वं यथावन्
मनीषितं सर्वमजातशत्रोः ॥","pāpāśaṅgī pāpameva naupaśyan
pṛcchāmi tvāṃ vyākulenātmanāham |
kave tanme brūhi sarvaṃ yathāvan
manīṣitaṃ sarvamajātaśatroḥ ||","Fearing wrong, I see nothing but wrong; I ask you with a troubled mind. Seer, tell me everything truly that Ajatashatru intends.",agree,,,,
VN.2.9,Codex disagrees,Vidura,"अनुबन्धं च सम्प्रेक्ष्य विपाकांश्चैव कर्मणाम् ।
उत्थानमात्मनश्चैव धीरः कुर्वीत वा न वा ॥","anubandhaṃ ca samprekṣya vipākāṃścaiva karmaṇām |
utthānamātmanaścaiva dhīraḥ kurvīta vā na vā ||","Considering the consequences and the results of actions, and also one's own resources, the steady person should act or not act.",disagree,"“One's own resources” mistranslates utthānam ātmanaḥ, which refers to one's own exertion, initiative, or capacity for effort.","After considering the consequences and results of actions, as well as one's own capacity for exertion, the steady person should act or refrain from acting.",,
VN.2.11,Codex disagrees,Vidura,"यस्त्वेतानि प्रमाणानि यथोक्तान्यनुपश्यति ।
युक्तो धर्मार्थयोर्ज्ञाने स राज्यमधिगच्छति ॥","yastvetāni pramāṇāni yathoktānyanupaśyati |
yukto dharmārthayorjñāne sa rājyamadhigacchati ||","But one who observes these measures as described, and is versed in knowledge of dharma and true benefit, gains the kingdom.",disagree,"“True benefit” is an interpretive and misleading rendering of artha, and “true” is not present in the Sanskrit.",One who observes these measures as described and possesses knowledge of dharma and artha gains the kingdom.,,
VN.2.18,Codex disagrees,Vidura,"पुष्पं पुष्पं विचिन्वीत मूलच्छेदं न कारयेत् ।
मालाकार इवारामे न यथाङ्गारकारकः ॥","puṣpaṃ puṣpaṃ vicinvīta mūlacchedaṃ na kārayet |
mālākāra ivārāme na yathāṅgārakārakaḥ ||","Gather flower by flower and do not cut down the roots, like a gardener in a garden, not like a charcoal-burner.",disagree,"Mālākāra means a garland-maker or flower-gatherer, not a gardener.","One should gather flower after flower without cutting the roots, like a garland-maker in a garden and not like a charcoal-burner.",,
VN.2.27,safety flags: war,Vidura,"य एव यत्नः क्रियते प्रर राष्ट्रावमर्दने ।
स एव यत्नः कर्तव्यः स्वराष्ट्र परिपालने ॥","ya eva yatnaḥ kriyate prara rāṣṭrāvamardane |
sa eva yatnaḥ kartavyaḥ svarāṣṭra paripālane ||",The same effort that is made to crush another's kingdom should be made to protect one's own.,agree,,,,
VN.2.29,Codex disagrees,Vidura,"अप्युन्मत्तात्प्रलपतो बालाच्च परिसर्पतः ।
सर्वतः सारमादद्यादश्मभ्य इव काञ्चनम् ॥","apyunmattātpralapato bālācca parisarpataḥ |
sarvataḥ sāramādadyādaśmabhya iva kāñcanam ||","One should take what is valuable from everywhere, even from the ravings of a madman or the prattle of a child, as gold from stones.",disagree,"The Sanskrit describes a child crawling or wandering about, not the child's “prattle.” The English adds speech and restricts the source of what may be valuable.",One should take what is valuable from everywhere—even from a babbling madman or a child crawling about—as gold is taken from stones.,,
VN.2.31,safety flags: caste_gender,Vidura,"गन्धेन गावः पश्यन्ति वेदैः पश्यन्ति ब्राह्मणाः ।
चारैः पश्यन्ति राजानश्चक्षुर्भ्यामितरे जनाः ॥","gandhena gāvaḥ paśyanti vedaiḥ paśyanti brāhmaṇāḥ |
cāraiḥ paśyanti rājānaścakṣurbhyāmitare janāḥ ||","Cows see by smell, brahmins see by the Vedas, kings see through spies, and other people see with their eyes.",agree,,,,
VN.2.35,Codex disagrees; safety flags: caste_gender,Vidura,"पर्जन्यनाथाः पशवो राजानो मित्र बान्धवाः ।
पतयो बान्धवाः स्त्रीणां ब्राह्मणा वेद बान्धवाः ॥","parjanyanāthāḥ paśavo rājāno mitra bāndhavāḥ |
patayo bāndhavāḥ strīṇāṃ brāhmaṇā veda bāndhavāḥ ||","Animals have the rain cloud as protector, kings have their ministers as kin, women have their husbands as kin, and brahmins have the Vedas as kin.",disagree,"Mitra means friends or allies, not ministers.","Animals have the rain cloud as protector, kings have friends as kin, women have their husbands as kin, and brahmins have the Veda as kin.",,
VN.2.37,Codex disagrees; safety flags: caste_gender,Vidura,"मानेन रक्ष्यते धान्यमश्वान्रक्ष्यत्यनुक्रमः ।
अभीक्ष्णदर्शनाद्गावः स्त्रियो रक्ष्याः कुचेलतः ॥","mānena rakṣyate dhānyamaśvānrakṣyatyanukramaḥ |
abhīkṣṇadarśanādgāvaḥ striyo rakṣyāḥ kucelataḥ ||","Grain is protected by measuring, horses by training, cows by frequent watching, and women are to be protected by plain clothes.",disagree,"“Plain clothes” softens kucela, which denotes bad, shabby, or dirty clothing.","Grain is protected by measuring, horses by regular exercise or training, cows by frequent inspection, and women are to be protected by shabby clothing.",,
VN.2.38,safety flags: caste_gender; random sample,Vidura,"न कुलं वृत्ति हीनस्य प्रमाणमिति मे मतिः ।
अन्त्येष्वपि हि जातानां वृत्तमेव विशिष्यते ॥","na kulaṃ vṛtti hīnasya pramāṇamiti me matiḥ |
antyeṣvapi hi jātānāṃ vṛttameva viśiṣyate ||","Family is no measure of one who lacks good conduct; that is my view. Even among those born lowest, conduct alone is what excels.",agree,,,,
VN.2.40,random sample,Vidura,"अकार्य करणाद्भीतः कार्याणां च विवर्जनात् ।
अकाले मन्त्रभेदाच्च येन माद्येन्न तत्पिबेत् ॥","akārya karaṇādbhītaḥ kāryāṇāṃ ca vivarjanāt |
akāle mantrabhedācca yena mādyenna tatpibet ||","Fearing wrong action, neglect of what should be done, and revealing counsel at the wrong time, one should not drink anything that intoxicates.",agree,,,,
VN.2.41,random sample,Vidura,"विद्यामदो धनमदस्तृतीयोऽभिजनो मदः ।
एते मदावलिप्तानामेत एव सतां दमाः ॥","vidyāmado dhanamadastṛtīyo'bhijano madaḥ |
ete madāvaliptānāmeta eva satāṃ damāḥ ||","Pride of learning, pride of wealth and, third, pride of family: these are intoxications for the arrogant, and these same things are restraints for the good.",agree,,,,
VN.2.45,safety flags: distress_gentle,Vidura,"शीलं प्रधानं पुरुषे तद्यस्येह प्रणश्यति ।
न तस्य जीवितेनार्थो न धनेन न बन्धुभिः ॥","śīlaṃ pradhānaṃ puruṣe tadyasyeha praṇaśyati |
na tasya jīvitenārtho na dhanena na bandhubhiḥ ||","Character is foremost in a person; for one who loses it here, there is no use in life, nor wealth, nor kin.",agree,,,,
VN.2.46,Codex disagrees,Vidura,"आढ्यानां मांसपरमं मध्यानां गोरसोत्तरम् ।
लवणोत्तरं दरिद्राणां भोजनं भरतर्षभ ॥","āḍhyānāṃ māṃsaparamaṃ madhyānāṃ gorasottaram |
lavaṇottaraṃ daridrāṇāṃ bhojanaṃ bharatarṣabha ||","The food of the rich is mainly meat, of the middling mainly milk products, and of the poor mainly salt, best of the Bharatas.",disagree,"Parama and uttara describe what is foremost or best in each group's food, not what constitutes most of it. “Mainly” changes quality or preference into quantity.","For the rich, meat is foremost; for those of middling means, milk products are foremost; and in the food of the poor, salt is foremost, O best of the Bharatas.",,
VN.2.49,safety flags: death,Vidura,"अवृत्तिर्भयमन्त्यानां मध्यानां मरणाद्भयम् ।
उत्तमानां तु मर्त्यानामवमानात्परं भयम् ॥","avṛttirbhayamantyānāṃ madhyānāṃ maraṇādbhayam |
uttamānāṃ tu martyānāmavamānātparaṃ bhayam ||","The lowest fear having no livelihood, the middling fear death, but the best of mortals fear dishonour most of all.",agree,,,,
VN.2.53,Codex disagrees,Vidura,"अविजित्य य आत्मानममात्यान्विजिगीषते ।
अमित्रान्वाजितामात्यः सोऽवशः परिहीयते ॥","avijitya ya ātmānamamātyānvijigīṣate |
amitrānvājitāmātyaḥ so'vaśaḥ parihīyate ||","One who, without conquering himself, seeks to conquer his ministers and enemies, is overcome and helpless, and falls.",disagree,"The English changes “ministers or enemies” to “ministers and enemies” and omits the repeated point that his ministers remain unconquered, replacing it with the unsupported phrase “is overcome.”","One who, without conquering himself, seeks to conquer his ministers or his enemies, while his ministers remain unconquered, helplessly comes to ruin.",,
VN.2.59,safety flags: death,Vidura,"धर्मार्थौ यः परित्यज्य स्यादिन्द्रियवशानुगः ।
श्रीप्राणधनदारेभ्य क्षिप्रं स परिहीयते ॥","dharmārthau yaḥ parityajya syādindriyavaśānugaḥ |
śrīprāṇadhanadārebhya kṣipraṃ sa parihīyate ||","One who abandons dharma and true benefit and follows the lead of the senses quickly loses fortune, life, wealth and spouse.",agree,,,,
VN.2.60,Codex disagrees,Vidura,"अर्थानामीश्वरो यः स्यादिन्द्रियाणामनीश्वरः ।
इन्द्रियाणामनैश्वर्यादैश्वर्याद्भ्रश्यते हि सः ॥","arthānāmīśvaro yaḥ syādindriyāṇāmanīśvaraḥ |
indriyāṇāmanaiśvaryādaiśvaryādbhraśyate hi saḥ ||",One who is master of wealth but not master of the senses falls from mastery because of not mastering the senses.,disagree,"The final “mastery” is too abstract: aiśvarya here is the wealth, power, or prosperity from which the person falls, not merely mastery itself.",One who is master of wealth but not of his senses falls from his wealth or power because he lacks mastery over the senses.,,
VN.2.61,safety flags: distress_gentle,Vidura,"आत्मनात्मानमन्विच्छेन्मनो बुद्धीन्द्रियैर्यतैः ।
आत्मैव ह्यात्मनो बन्धुरात्मैव रिपुरात्मनः ॥","ātmanātmānamanvicchenmano buddhīndriyairyataiḥ |
ātmaiva hyātmano bandhurātmaiva ripurātmanaḥ ||","One should seek the self by the self, with mind, intellect and senses restrained; for the self alone is the self's friend, and the self alone is the self's enemy.",agree,,,,
VN.2.65,Codex disagrees,Vidura,"दृश्यन्ते हि दुरात्मानो वध्यमानाः स्वकर्म भिः ।
इन्द्रियाणामनीशत्वाद्राजानो राज्यविभ्रमैः ॥","dṛśyante hi durātmāno vadhyamānāḥ svakarma bhiḥ |
indriyāṇāmanīśatvādrājāno rājyavibhramaiḥ ||","The wicked are seen being destroyed by their own deeds, and kings by the loss of their kingdoms, through not being masters of their senses.",disagree,The English incorrectly separates “the wicked” and “kings” into two groups and mistranslates rājyavibhramaiḥ as “the loss of their kingdoms.”,"Wicked kings are seen being destroyed by their own deeds, through their failure to master their senses and through the errors or delusions of kingship.",,
VN.2.67,Codex disagrees,Vidura,"निजानुत्पततः शत्रून्पञ्च पञ्च प्रयोजनान् ।
यो मोहान्न निघृह्णाति तमापद्ग्रसते नरम् ॥","nijānutpatataḥ śatrūnpañca pañca prayojanān |
yo mohānna nighṛhṇāti tamāpadgrasate naram ||","One who, through delusion, does not restrain the five enemies rising within, each with its five aims, is swallowed by misfortune.",disagree,“Each with its five aims” incorrectly suggests that every one of the five enemies has five aims. The verse refers collectively to five inner enemies associated with five objects or purposes.,"One who through delusion does not restrain the five enemies arising within, whose objects or purposes are five, is swallowed by misfortune.",,
VN.2.69,safety flags: caste_gender,Vidura,"आत्मज्ञानमनायासस्तितिक्षा धर्मनित्यता ।
वाक्चैव गुप्ता दानं च नैतान्यन्त्येषु भारत ॥","ātmajñānamanāyāsastitikṣā dharmanityatā |
vākcaiva guptā dānaṃ ca naitānyantyeṣu bhārata ||","Self-knowledge, calm, endurance, constancy in dharma, guarded speech and generosity: these are not found among the lowest, Bharata.",agree,,,,
VN.2.70,random sample,Vidura,"आक्रोश परिवादाभ्यां विहिंसन्त्यबुधा बुधान् ।
वक्ता पापमुपादत्ते क्षममाणो विमुच्यते ॥","ākrośa parivādābhyāṃ vihiṃsantyabudhā budhān |
vaktā pāpamupādatte kṣamamāṇo vimucyate ||","The foolish hurt the wise with abuse and slander; the speaker takes on the sin, and the one who forgives is released.",agree,,,,
VN.2.71,safety flags: caste_gender,Vidura,"हिंसा बलमसाधूनां राज्ञां दण्डविधिर्बलम् ।
शुश्रूषा तु बलं स्त्रीणां क्षमागुणवतां बलम् ॥","hiṃsā balamasādhūnāṃ rājñāṃ daṇḍavidhirbalam |
śuśrūṣā tu balaṃ strīṇāṃ kṣamāguṇavatāṃ balam ||",Violence is the strength of the wicked; punishment is the strength of kings; service is the strength of women; forgiveness is the strength of the virtuous.,agree,,,,
VN.2.77,safety flags: fatalism,Vidura,"यस्मै देवाः प्रयच्छन्ति पुरुषाय पराभवम् ।
बुद्धिं तस्यापकर्षन्ति सोऽपाचीनानि पश्यति ॥","yasmai devāḥ prayacchanti puruṣāya parābhavam |
buddhiṃ tasyāpakarṣanti so'pācīnāni paśyati ||","When the gods intend defeat for a person, they first take away his understanding, and he sees things the wrong way round.",agree,,,,
VN.3.2,random sample,Vidura,"सर्वतीर्थेषु वा स्नानं सर्वभूतेषु चार्जवम् ।
उभे एते समे स्यातामार्जवं वा विशिष्यते ॥","sarvatīrtheṣu vā snānaṃ sarvabhūteṣu cārjavam |
ubhe ete same syātāmārjavaṃ vā viśiṣyate ||","Bathing at all the holy places, and straightforwardness towards all beings: these two may be equal, or straightforwardness may be greater.",agree,,,,
VN.3.6,safety flags: caste_gender,Keshini,"किं ब्राह्मणाः स्विच्छ्रेयांसो दितिजाः स्विद्विरोचन ।
अथ केन स्म पर्यङ्कं सुधन्वा नाधिरोहति ॥","kiṃ brāhmaṇāḥ svicchreyāṃso ditijāḥ svidvirocana |
atha kena sma paryaṅkaṃ sudhanvā nādhirohati ||","Are brahmins better, Virochana, or the sons of Diti? And why does Sudhanva not sit on the couch?",agree,,,,
VN.3.9,random sample,Virochana,"तथा भद्रे करिष्यामि यथा त्वं भीरु भाषसे ।
सुधन्वानं च मां चैव प्रातर्द्रष्टासि सङ्गतौ ॥","tathā bhadre kariṣyāmi yathā tvaṃ bhīru bhāṣase |
sudhanvānaṃ ca māṃ caiva prātardraṣṭāsi saṅgatau ||","I will do as you say, gentle and timid one. In the morning you will see Sudhanva and me together.",agree,,,,
VN.3.10,Codex disagrees,Sudhanva,"अन्वालभे हिरण्मयं प्राह्रादेऽहं तवासनम् ।
एकत्वमुपसम्पन्नो न त्वासेयं त्वया सह ॥","anvālabhe hiraṇmayaṃ prāhrāde'haṃ tavāsanam |
ekatvamupasampanno na tvāseyaṃ tvayā saha ||","I touch your golden seat, son of Prahlada, but I have not come to equality with you; I will not sit with you.",disagree,The English incorrectly negates “coming into equality”; the Sanskrit instead makes equal or shared seating the circumstance Sudhanva rejects.,"I touch your golden seat, son of Prahlada, but I would not sit with you on equal terms.",,
VN.3.12,Codex disagrees,Sudhanva,"पितापि ते समासीनमुपासीतैव मामधः ।
बालः सुखैधितो गेहे न त्वं किं चन बुध्यसे ॥","pitāpi te samāsīnamupāsītaiva māmadhaḥ |
bālaḥ sukhaidhito gehe na tvaṃ kiṃ cana budhyase ||","Even your father would sit below me when I sit as an equal. You are a child, raised in comfort at home; you understand nothing.",disagree,“When I sit as an equal” is not in the Sanskrit and obscures Sudhanva's assertion of superior rank.,Even your father would attend upon me from below while I was seated. You are a child raised comfortably at home and understand nothing.,,
VN.3.14,safety flags: death; random sample,Sudhanva,"हिरण्यं च गवाश्वं च तवैवास्तु विरोचन ।
प्राणयोस्तु पणं कृत्वा प्रश्नं पृच्छाव ये विदुः ॥","hiraṇyaṃ ca gavāśvaṃ ca tavaivāstu virocana |
prāṇayostu paṇaṃ kṛtvā praśnaṃ pṛcchāva ye viduḥ ||","Keep your gold, cows and horses, Virochana. Let us stake our lives instead, and put the question to those who know.",agree,,,,
VN.3.26,Codex disagrees; random sample,Sudhanva,"पञ्च पश्वनृते हन्ति दश हन्ति गवानृते ।
शतमश्वानृते हन्ति सहस्रं पुरुषानृते ॥","pañca paśvanṛte hanti daśa hanti gavānṛte |
śatamaśvānṛte hanti sahasraṃ puruṣānṛte ||",A lie about cattle destroys five; a lie about cows destroys ten; a lie about horses destroys a hundred; a lie about people destroys a thousand.,disagree,"Paśu means an animal or livestock generally, not specifically cattle; rendering it as “cattle” collapses the distinction from the cows named next.","A lie concerning an animal destroys five; one concerning a cow destroys ten, one concerning a horse a hundred, and one concerning a person a thousand.",,
VN.3.28,safety flags: caste_gender,Prahlada,"मत्तः श्रेयानङ्गिरा वै सुधन्वा त्वद्विरोचन ।
मातास्य श्रेयसी मातुस्तस्मात्त्वं तेन वै जितः ॥","mattaḥ śreyānaṅgirā vai sudhanvā tvadvirocana |
mātāsya śreyasī mātustasmāttvaṃ tena vai jitaḥ ||","Angiras is better than I am, and Sudhanva is better than you, Virochana. His mother is better than your mother; so you have been defeated by him.",agree,,,,
VN.3.29,safety flags: death,Prahlada,"विरोचन सुधन्वायं प्राणानामीश्वरस्तव ।
सुधन्वन्पुनरिच्छामि त्वया दत्तं विरोचनम् ॥","virocana sudhanvāyaṃ prāṇānāmīśvarastava |
sudhanvanpunaricchāmi tvayā dattaṃ virocanam ||","Virochana, this Sudhanva is now master of your life. Sudhanva, I would have Virochana given back to me by you.",agree,,,,
VN.3.30,random sample,Sudhanva,"यद्धर्ममवृणीथास्त्वं न कामादनृतं वदीः ।
पुनर्ददामि ते तस्मात्पुत्रं प्रह्राद दुर्लभम् ॥","yaddharmamavṛṇīthāstvaṃ na kāmādanṛtaṃ vadīḥ |
punardadāmi te tasmātputraṃ prahrāda durlabham ||","Because you chose dharma and did not speak falsely out of desire, I give you back your son, Prahlada, so hard to find again.",agree,,,,
VN.3.35,safety flags: death,Vidura,"न छन्दांसि वृजिनात्तारयन्ति
आयाविनं मायया वर्तमानम् ।
नीडं शकुन्ता इव जातपक्षाश्
छन्दांस्येनं प्रजहत्यन्तकाले ॥","na chandāṃsi vṛjināttārayanti
āyāvinaṃ māyayā vartamānam |
nīḍaṃ śakuntā iva jātapakṣāś
chandāṃsyenaṃ prajahatyantakāle ||","The Vedic verses do not carry across sin a deceitful person who lives by deceit; at the end they leave him, as fledged birds leave the nest.",agree,,,,
VN.3.37,Codex disagrees,Vidura,"सामुद्रिकं वणिजं चोरपूर्वं
शलाक धूर्तं च चिकित्सकं च ।
अरिं च मित्रं च कुशीलवं च
नैतान्साख्येष्वधिकुर्वीत सप्त ॥","sāmudrikaṃ vaṇijaṃ corapūrvaṃ
śalāka dhūrtaṃ ca cikitsakaṃ ca |
ariṃ ca mitraṃ ca kuśīlavaṃ ca
naitānsākhyeṣvadhikurvīta sapta ||","A palm-reader, a merchant who was once a thief, a gambler, a physician, an enemy, a friend and a performer: these seven should not be made witnesses.",disagree,"The English divides and combines the opening terms incorrectly. Sāmudrikaṃ vaṇijam is a sea-going merchant, while corapūrvam is a separate former thief; the verse does not say “a palm-reader” and “a merchant who was once a thief.”","A sea-going merchant, a former thief, a gambler, a physician, an enemy, a friend and a performer—these seven should not be appointed as witnesses.",,
VN.3.39,safety flags: caste_gender,Vidura,"अगार दाही गरदः कुण्डाशी सोमविक्रयी ।
पर्व कारश्च सूची च मित्र ध्रुक्पारदारिकः ॥","agāra dāhī garadaḥ kuṇḍāśī somavikrayī |
parva kāraśca sūcī ca mitra dhrukpāradārikaḥ ||","One who sets houses on fire, a poisoner, one who lives off an adulteress's son, a seller of soma, a maker of arrows, an astrologer, one who betrays a friend, an adulterer,",agree,,,,
VN.3.40,safety flags: caste_gender,Vidura,"भ्रूणहा गुरु तल्पी च यश्च स्यात्पानपो द्विजः ।
अतितीक्ष्णश्च काकश्च नास्तिको वेद निन्दकः ॥","bhrūṇahā guru talpī ca yaśca syātpānapo dvijaḥ |
atitīkṣṇaśca kākaśca nāstiko veda nindakaḥ ||","one who kills an embryo, one who violates his teacher's bed, a twice-born who drinks, one who is excessively harsh, a crow-like person, an unbeliever, a reviler of the Veda,",agree,,,,
VN.3.41,Codex disagrees; safety flags: caste_gender; random sample,Vidura,"स्रुव प्रग्रहणो व्रात्यः कीनाशश्चार्थवानपि ।
रक्षेत्युक्तश्च यो हिंस्यात्सर्वे ब्रह्मण्हणैः समाः ॥","sruva pragrahaṇo vrātyaḥ kīnāśaścārthavānapi |
rakṣetyuktaśca yo hiṃsyātsarve brahmaṇhaṇaiḥ samāḥ ||","one who takes up the ladle though outcaste, a peasant even when wealthy, and one who harms someone who asked for protection: all these are equal to killers of brahmins.",disagree,"The English combines “one who takes up the sacrificial ladle” and “a vrātya” into one person, although the Sanskrit lists them separately.","One who takes up the sacrificial ladle, a vrātya, a peasant even if wealthy, and one who harms a person who has appealed for protection are all equal to killers of brahmins.",,
VN.3.42,Codex disagrees,Vidura,"तृणोक्लया ज्ञायते जातरूपं
युगे भद्रो व्यवहारेण साधुः ।
शूरो भयेष्वर्थकृच्छ्रेषु धीरः
कृच्छ्रास्वापत्सु सुहृदश्चारयश् च ॥","tṛṇoklayā jñāyate jātarūpaṃ
yuge bhadro vyavahāreṇa sādhuḥ |
śūro bhayeṣvarthakṛcchreṣu dhīraḥ
kṛcchrāsvāpatsu suhṛdaścārayaś ca ||","Gold is known by a flame of grass, the good by their dealings, the virtuous by their conduct, the brave in times of fear, the steady in money troubles, and friends and enemies in hard times and calamities.",disagree,The English omits the image of a good draught animal being proved in the yoke and replaces it with two generalized tests of good and virtuous people.,"Gold is known by a flame of grass, a good draught animal in the yoke, and an honest person by dealings; the brave are known amid dangers, the steadfast in financial distress, and friends and enemies in hardships and calamities.",,
VN.3.43,safety flags: death,Vidura,"जरा रूपं हरति हि धैर्यमाशा
मृत्युः प्राणान्धर्मचर्यामसूया ।
क्रोधः श्रियं शीलमनार्य सेवा
ह्रियं कामः सर्वमेवाभिमानः ॥","jarā rūpaṃ harati hi dhairyamāśā
mṛtyuḥ prāṇāndharmacaryāmasūyā |
krodhaḥ śriyaṃ śīlamanārya sevā
hriyaṃ kāmaḥ sarvamevābhimānaḥ ||","Old age robs beauty, hope robs patience, death robs life, envy robs the practice of dharma, anger robs good fortune, serving the ignoble robs good character, lust robs modesty, and pride robs everything.",agree,,,,
VN.3.50,Codex disagrees,Vidura,"सत्यं रूपं श्रुतं विद्या कौल्यं शीलं बलं धनम् ।
शौर्यं च चिरभाष्यं च दशः संसर्गयोनयः ॥","satyaṃ rūpaṃ śrutaṃ vidyā kaulyaṃ śīlaṃ balaṃ dhanam |
śauryaṃ ca cirabhāṣyaṃ ca daśaḥ saṃsargayonayaḥ ||","Truth, beauty, learning, knowledge, family, character, strength, wealth, courage and varied speech: these ten are the sources of association.",disagree,“Varied speech” does not translate cirabhāṣyam; that would require a reading such as citrabhāṣyam.,"The tenth item is cirabhāṣyam, meaning long or prolonged speech.",,
VN.3.54,random sample,Vidura,"असूयको दन्द शूको निष्ठुरो वैरकृन्नरः ।
स कृच्छ्रं महदाप्नोतो नचिरात्पापमाचरन् ॥","asūyako danda śūko niṣṭhuro vairakṛnnaraḥ |
sa kṛcchraṃ mahadāpnoto nacirātpāpamācaran ||","The envious, the biting, the harsh and the one who makes enemies, doing wrong, soon meets great trouble.",agree,,,,
VN.3.56,Codex disagrees,Vidura,"प्रज्ञामेवागमयति यः प्राज्ञेभ्यः स पण्डितः ।
प्राज्ञो ह्यवाप्य धर्मार्थौ शक्नोति सुखमेधितुम् ॥","prajñāmevāgamayati yaḥ prājñebhyaḥ sa paṇḍitaḥ |
prājño hyavāpya dharmārthau śaknoti sukhamedhitum ||","One who gains wisdom from the wise is truly wise; for the wise, having gained dharma and true benefit, can grow in happiness.",disagree,"“True benefit” adds “true” and obscures artha, while “grow in happiness” changes the construction sukham edhitum.","The wise person, having obtained dharma and artha, can prosper happily.",,
VN.3.58,safety flags: death,Vidura,"पूर्वे वयसि तत्कुर्याद्येन वृद्धसुखं वसेत् ।
यावज्जीवेन तत्कुर्याद्येन प्रेत्य सुखं वसेत् ॥","pūrve vayasi tatkuryādyena vṛddhasukhaṃ vaset |
yāvajjīvena tatkuryādyena pretya sukhaṃ vaset ||","In youth one should do what lets one live happily in old age, and throughout life what lets one live happily after death.",agree,,,,
VN.3.59,"safety flags: caste_gender, war",Vidura,"जीर्णमन्नं प्रशंसन्ति भार्यं च गतयौवनाम् ।
शूरं विगतसङ्ग्रामं गतपारं तपस्विनम् ॥","jīrṇamannaṃ praśaṃsanti bhāryaṃ ca gatayauvanām |
śūraṃ vigatasaṅgrāmaṃ gatapāraṃ tapasvinam ||","They praise food once digested, a wife whose youth has passed, a hero whose battles are over, and an ascetic who has reached the far shore.",agree,,,,
VN.3.62,safety flags: caste_gender,Vidura,"ऋषीणां च नदीनां च कुलानां च महामनाम् ।
प्रभवो नाधिगन्तव्यः स्त्रीणां दुश्चरितस्य च ॥","ṛṣīṇāṃ ca nadīnāṃ ca kulānāṃ ca mahāmanām |
prabhavo nādhigantavyaḥ strīṇāṃ duścaritasya ca ||","The origin of sages, of rivers, of great-souled families, and of women's misconduct should not be investigated.",agree,,,,
VN.3.63,safety flags: caste_gender,Vidura,"द्विजातिपूजाभिरतो दाता ज्ञातिषु चार्जवी ।
क्षत्रियः स्वर्गभाग्राजंश्चिरं पालयते महीम् ॥","dvijātipūjābhirato dātā jñātiṣu cārjavī |
kṣatriyaḥ svargabhāgrājaṃściraṃ pālayate mahīm ||","A kshatriya devoted to honouring the twice-born, generous and straightforward with his kin, rules the earth long, king, and gains heaven.",agree,,,,
VN.3.65,safety flags: caste_gender,Vidura,"बुद्धिश्रेष्ठानि कर्माणि बाहुमध्यानि भारत ।
तानि जङ्घा जघन्यानि भारप्रत्यवराणि च ॥","buddhiśreṣṭhāni karmāṇi bāhumadhyāni bhārata |
tāni jaṅghā jaghanyāni bhārapratyavarāṇi ca ||","Deeds of the intellect are best, Bharata; deeds of the arms are middling; deeds of the legs are lowest, and carrying loads lower still.",agree,,,,
VN.4.3,random sample,the Sadhyas,"साध्या देवा वय्मस्मो महर्षे
दृष्ट्वा भवन्तं न शक्नुमोऽनुमातुम् ।
श्रुतेन धीरो बुद्धिमांस्त्वं मतो नः
काव्यां वाचं वक्तुमर्हस्युदाराम् ॥","sādhyā devā vaymasmo maharṣe
dṛṣṭvā bhavantaṃ na śaknumo'numātum |
śrutena dhīro buddhimāṃstvaṃ mato naḥ
kāvyāṃ vācaṃ vaktumarhasyudārām ||","We are the Sadhya gods, great sage. Seeing you, we cannot fathom you. You are known to us as steady and wise through learning; please speak noble, wise words.",agree,,,,
VN.4.13,Codex disagrees,the swan,"यादृशैः संविवदते यादृशांश् चोपसेवते ।
यादृगिच्छेच्च भवितुं तादृग्भवति पूरुषः ॥","yādṛśaiḥ saṃvivadate yādṛśāṃś copasevate |
yādṛgicchecca bhavituṃ tādṛgbhavati pūruṣaḥ ||","Such as those he quarrels with, such as those he serves, and such as he wishes to be: such a person becomes.",disagree,"Saṃvivadate means conversing or associating with people, not quarrelling with them.","A person becomes like those with whom he converses, those whom he serves, and what he wishes to become.",,
VN.4.14,safety flags: renunciation,the swan,"यतो यतो निवर्तते ततस्ततो विमुच्यते ।
निवर्तनाद्धि सर्वतो न वेत्ति दुःखमण्वपि ॥","yato yato nivartate tatastato vimucyate |
nivartanāddhi sarvato na vetti duḥkhamaṇvapi ||","From whatever one turns away, from that one is freed. By turning away from everything, one does not know even the slightest pain.",agree,,,,
VN.4.18,Codex disagrees,the swan,"दुःशासनस्तूपहन्ता न शास्ता
नावर्तते मन्युवशात्कृतघ्नः ।
न कस्य चिन्मित्रमथो दुरात्मा
कलाश्चैता अधमस्येह पुंसः ॥","duḥśāsanastūpahantā na śāstā
nāvartate manyuvaśātkṛtaghnaḥ |
na kasya cinmitramatho durātmā
kalāścaitā adhamasyeha puṃsaḥ ||","Harsh in command, a destroyer rather than a guide, not turning back from anger, ungrateful, friend to no one, evil-minded: these are the marks of the lowest person here.",disagree,"“Harsh in command” reverses the sense of duḥśāsana, which describes someone difficult to govern, restrain, or instruct.","The lowest person is difficult to govern or instruct, an injurer rather than a guide, unrelenting under anger, ungrateful, friendless, and evil-minded.",,
VN.4.19,Codex disagrees,the swan,"न श्रद्दधाति कल्याणं परेभ्योऽप्यात्मशङ्कितः ।
निराकरोति मित्राणि यो वै सोऽधम पूरुषः ॥","na śraddadhāti kalyāṇaṃ parebhyo'pyātmaśaṅkitaḥ |
nirākaroti mitrāṇi yo vai so'dhama pūruṣaḥ ||","One who, doubting himself, does not believe any good of others, and drives away his friends, is the lowest person.",disagree,"“Does not believe any good of others” changes the direction of parebhyaḥ: the person distrusts what is good or beneficial when it comes from others, rather than disbelieving that others possess goodness.","One who, being suspicious, does not trust what is beneficial from others and drives away friends is the lowest person.",,
VN.4.22,Codex disagrees,Dhritarashtra,"महाकुलानां स्पृहयन्ति देवा
धर्मार्थवृद्धाश्च बहुश्रुताश् च ।
पृच्छामि त्वां विदुर प्रश्नमेतं
भवन्ति वै कानि महाकुलानि ॥","mahākulānāṃ spṛhayanti devā
dharmārthavṛddhāśca bahuśrutāś ca |
pṛcchāmi tvāṃ vidura praśnametaṃ
bhavanti vai kāni mahākulāni ||","The gods, those grown in dharma and true benefit, and the deeply learned admire great families. I ask you this question, Vidura: which families are truly great?",disagree,"Spṛhayanti means “desire” or “long for,” not merely “admire,” and artha is replaced by the interpretive phrase “true benefit.”","The gods, those advanced in dharma and artha, and the deeply learned long for great families; Dhritarashtra asks which families are great.",,
VN.4.23,Codex disagrees,Vidura,"तमो दमो ब्रह्मवित्त्वं वितानाः
पुण्या विवाहाः सततान्न दानम् ।
येष्वेवैते सप्तगुणा भवन्ति
सम्यग्वृत्तास्तानि महाकुलानि ॥","tamo damo brahmavittvaṃ vitānāḥ
puṇyā vivāhāḥ satatānna dānam |
yeṣvevaite saptaguṇā bhavanti
samyagvṛttāstāni mahākulāni ||","Austerity, self-control, knowledge of the Veda, sacrifices, pure marriages and constant giving of food: families in which these seven qualities are found and practised rightly are great families.",disagree,"As supplied, the Sanskrit begins tamo, “darkness,” not tapo, “austerity”; the English silently translates the likely intended emendation rather than the given text.","As written, it begins “darkness, self-control, knowledge of Brahman/the Veda, sacrifices, pure marriages, and constant giving of food”; tapo would instead mean “austerity.”",,
VN.4.24,Codex disagrees,Vidura,"येषां न वृत्तं व्यथते न योनिर्
वृत्तप्रसादेन चरन्ति धर्मम् ।
ये कीर्तिमिच्छन्ति कुले विशिष्टां
त्यक्तानृतास्तानि महाकुलानि ॥","yeṣāṃ na vṛttaṃ vyathate na yonir
vṛttaprasādena caranti dharmam |
ye kīrtimicchanti kule viśiṣṭāṃ
tyaktānṛtāstāni mahākulāni ||","Those whose conduct does not falter, who do not shame their ancestry, who practise dharma with a glad heart, who wish for distinguished fame for their family and have given up falsehood: those are great families.",disagree,"Vṛttaprasādena refers to the purity or excellence of conduct, not to practising dharma “with a glad heart.”","They practise dharma through the purity or excellence of their conduct, seek distinguished family renown, and have abandoned falsehood.",,
VN.4.25,safety flags: caste_gender,Vidura,"अनिज्ययाविवाहैर्श्च वेदस्योत्सादनेन च ।
कुलान्यकुलतां यान्ति धर्मस्यातिक्रमेण च ॥","anijyayāvivāhairśca vedasyotsādanena ca |
kulānyakulatāṃ yānti dharmasyātikrameṇa ca ||","Through neglecting sacrifice, through improper marriages, through abandoning the Veda, and through transgressing dharma, families fall to low standing.",agree,,,,
VN.4.26,safety flags: caste_gender,Vidura,"देव द्रव्यविनाशेन ब्रह्म स्वहरणेन च ।
कुलान्यकुलतां यान्ति ब्राह्मणातिक्रमेण च ॥","deva dravyavināśena brahma svaharaṇena ca |
kulānyakulatāṃ yānti brāhmaṇātikrameṇa ca ||","Through destroying what belongs to the gods, stealing brahmins' property, and slighting brahmins, families fall to low standing.",agree,,,,
VN.4.27,safety flags: caste_gender,Vidura,"ब्राह्मणानां परिभवात्परिवादाच्च भारत ।
कुलान्यकुलतां यान्ति न्यासापहरणेन च ॥","brāhmaṇānāṃ paribhavātparivādācca bhārata |
kulānyakulatāṃ yānti nyāsāpaharaṇena ca ||","Through contempt for brahmins and slander of them, Bharata, and through stealing deposits held in trust, families fall to low standing.",agree,,,,
VN.4.30,Codex disagrees,Vidura,"मा नः कुले वैरकृत्कश् चिदस्तु
राजामात्यो मा परस्वापहारी ।
मित्रद्रोही नैकृतिकोऽनृती वा
पूर्वाशी वा पितृदेवातिथिभ्यः ॥","mā naḥ kule vairakṛtkaś cidastu
rājāmātyo mā parasvāpahārī |
mitradrohī naikṛtiko'nṛtī vā
pūrvāśī vā pitṛdevātithibhyaḥ ||","May there be none in our family who makes enmity, no king's minister who steals others' property, no betrayer of friends, no deceiver or liar, and none who eats before the ancestors, gods and guests.",disagree,The English incorrectly makes “king’s minister” modify the person who steals. The Sanskrit lists a king’s minister and a thief of others’ property as separate unwanted members of the family.,"May our family contain no maker of enmity, king’s minister, thief of another’s property, betrayer of friends, deceiver, liar, or person who eats before the ancestors, gods, and guests.",,
VN.4.31,safety flags: caste_gender,Vidura,"यश्च नो ब्राह्मणं हन्याद्यश्च नो ब्राह्मणान्द्विषेत् ।
न नः स समितिं गच्छेद्यश्च नो निर्वपेत्कृषिम् ॥","yaśca no brāhmaṇaṃ hanyādyaśca no brāhmaṇāndviṣet |
na naḥ sa samitiṃ gacchedyaśca no nirvapetkṛṣim ||","Whoever among us kills a brahmin or hates brahmins, and whoever among us takes up farming, let him not come to our assembly.",agree,,,,
VN.4.34,Codex disagrees,Vidura,"सूक्ष्मोऽपि भारं नृपते स्यन्दनो वै
शक्तो वोढुं न तथान्ये महीजाः ।
एवं युक्ता भारसहा भवन्ति
महाकुलीना न तथान्ये मनुष्याः ॥","sūkṣmo'pi bhāraṃ nṛpate syandano vai
śakto voḍhuṃ na tathānye mahījāḥ |
evaṃ yuktā bhārasahā bhavanti
mahākulīnā na tathānye manuṣyāḥ ||","Even a small chariot, king, can bear a load that other things from the earth cannot. So people of great families, when joined to a task, bear the burden, and other people do not.",disagree,"Mahījāḥ here means trees or earth-born wood, not the much broader “things from the earth.”","Even a small chariot can bear a burden, whereas other trees or pieces of wood cannot; similarly, people of great families can bear burdens that others cannot.",,
VN.4.40,safety flags: death,Vidura,"सत्कृताश्च कृतार्थाश्च मित्राणां न भवन्ति ये ।
तान्मृतानपि क्रव्यादाः कृतघ्नान्नोपभुञ्जते ॥","satkṛtāśca kṛtārthāśca mitrāṇāṃ na bhavanti ye |
tānmṛtānapi kravyādāḥ kṛtaghnānnopabhuñjate ||","Those who, honoured and helped by friends, do not stand by them: even flesh-eating creatures will not eat such ungrateful people when dead.",agree,,,,
VN.4.41,Codex disagrees,Vidura,"अर्थयेदेव मित्राणि सति वासति वा धने ।
नानर्थयन्विजानाति मित्राणां सारफल्गुताम् ॥","arthayedeva mitrāṇi sati vāsati vā dhane |
nānarthayanvijānāti mitrāṇāṃ sāraphalgutām ||","One should seek out friends whether one has wealth or not; without asking of them, one does not learn which friends are solid and which hollow.",disagree,"Arthayet means to ask or make a request of friends, not simply to “seek out” friends.","One should make requests of friends whether wealth is present or absent; without asking them, one cannot discover which friends are substantial and which are hollow.",,
VN.4.44,safety flags: death,Vidura,"पुनर्नरो म्रियते जायते च
पुनर्नरो हीयते वर्धते पुनः ।
पुनर्नरो याचति याच्यते च
पुनर्नरः शोचति शोच्यते पुनः ॥","punarnaro mriyate jāyate ca
punarnaro hīyate vardhate punaḥ |
punarnaro yācati yācyate ca
punarnaraḥ śocati śocyate punaḥ ||",Again and again a person dies and is born; again and again a person declines and grows; again and again a person begs and is begged from; again and again a person grieves and is grieved for.,agree,,,,
VN.4.45,safety flags: death,Vidura,"सुखं च दुःखं च भवाभवौ च
लाभालाभौ मरणं जीवितं च ।
पर्यायशः सर्वमिह स्पृशन्ति
तस्माद्धीरो नैव हृष्येन्न शोचेत् ॥","sukhaṃ ca duḥkhaṃ ca bhavābhavau ca
lābhālābhau maraṇaṃ jīvitaṃ ca |
paryāyaśaḥ sarvamiha spṛśanti
tasmāddhīro naiva hṛṣyenna śocet ||","Pleasure and pain, rise and fall, gain and loss, death and life: all these touch everyone in turn. So the steady person neither exults nor grieves.",agree,,,,
VN.4.47,"safety flags: war, death",Dhritarashtra,"तनुरुच्छः शिखी राजा मिथ्योपचरितो मया ।
मन्दानां मम पुत्राणां युद्धेनान्तं करिष्यति ॥","tanurucchaḥ śikhī rājā mithyopacarito mayā |
mandānāṃ mama putrāṇāṃ yuddhenāntaṃ kariṣyati ||","King Yudhishthira, like a slender flame, whom I treated falsely, will put an end to my foolish sons in war.",agree,,,,
VN.4.50,random sample,Vidura,"बुद्ध्या भयं प्रणुदति तपसा विन्दते महत् ।
गुरुशुश्रूषया ज्ञानं शान्तिं त्यागेन विन्दति ॥","buddhyā bhayaṃ praṇudati tapasā vindate mahat |
guruśuśrūṣayā jñānaṃ śāntiṃ tyāgena vindati ||",By understanding one drives away fear; by austerity one gains greatness; by serving the teacher one gains knowledge; by letting go one finds peace.,agree,,,,
VN.4.51,safety flags: renunciation,Vidura,"अनाश्रिता दानपुण्यं वेद पुण्यमनाश्रिताः ।
रागद्वेषविनिर्मुक्ता विचरन्तीह मोक्षिणः ॥","anāśritā dānapuṇyaṃ veda puṇyamanāśritāḥ |
rāgadveṣavinirmuktā vicarantīha mokṣiṇaḥ ||","Not depending on the merit of giving, not depending on the merit of the Veda, free of attraction and aversion, those who seek liberation move about here.",agree,,,,
VN.4.52,safety flags: war,Vidura,"स्वधीतस्य सुयुद्धस्य सुकृतस्य च कर्मणः ।
तपसश्च सुतप्तस्य तस्यान्ते सुखमेधते ॥","svadhītasya suyuddhasya sukṛtasya ca karmaṇaḥ |
tapasaśca sutaptasya tasyānte sukhamedhate ||","At the end of well-done study, a well-fought battle, a good deed and well-practised austerity, happiness grows.",agree,,,,
VN.4.56,safety flags: caste_gender,Vidura,"सम्भाव्यं गोषु सम्पन्नं सम्भाव्यं ब्राह्मणे तपः ।
सम्भाव्यं स्त्रीषु चापल्यं सम्भाव्यं ज्ञातितो भयम् ॥","sambhāvyaṃ goṣu sampannaṃ sambhāvyaṃ brāhmaṇe tapaḥ |
sambhāvyaṃ strīṣu cāpalyaṃ sambhāvyaṃ jñātito bhayam ||","Wealth is to be expected in cows, austerity in a brahmin, fickleness in women, and danger from kin.",agree,,,,
VN.4.59,safety flags: caste_gender,Vidura,"ब्राह्मणेषु च ये शूराः स्त्रीषु ज्ञातिषु गोषु च ।
वृन्तादिव फलं पक्वं धृतराष्ट्र पतन्ति ते ॥","brāhmaṇeṣu ca ye śūrāḥ strīṣu jñātiṣu goṣu ca |
vṛntādiva phalaṃ pakvaṃ dhṛtarāṣṭra patanti te ||","Those who show their courage against brahmins, women, kin and cows fall, Dhritarashtra, like ripe fruit from the stalk.",agree,,,,
VN.4.64,"safety flags: caste_gender, death",Vidura,"अवध्या ब्राह्मणा गावो स्त्रियो बालाश्च ज्ञातयः ।
येषां चान्नानि भुञ्जीत ये च स्युः शरणागताः ॥","avadhyā brāhmaṇā gāvo striyo bālāśca jñātayaḥ |
yeṣāṃ cānnāni bhuñjīta ye ca syuḥ śaraṇāgatāḥ ||","Not to be killed are brahmins, cows, women, children, kinsmen, those whose food one has eaten, and those who come for refuge.",agree,,,,
VN.4.65,safety flags: death,Vidura,"न मनुष्ये गुणः कश्चिदन्यो धनवताम् अपि ।
अनातुरत्वाद्भद्रं ते मृतकल्पा हि रोगिणः ॥","na manuṣye guṇaḥ kaścidanyo dhanavatām api |
anāturatvādbhadraṃ te mṛtakalpā hi rogiṇaḥ ||","No other quality in a person, even the wealthy, matters like freedom from illness, bless you; the sick are as good as dead.",agree,,,,
VN.4.68,safety flags: caste_gender,Vidura,"पुरा ह्युक्तो नाकरोस्त्वं वचो मे
द्यूते जितां द्रौपदीं प्रेक्ष्य राजन् ।
दुर्योधनं वारयेत्यक्षवत्यां
कितवत्वं पण्डिता वर्जयन्ति ॥","purā hyukto nākarostvaṃ vaco me
dyūte jitāṃ draupadīṃ prekṣya rājan |
duryodhanaṃ vārayetyakṣavatyāṃ
kitavatvaṃ paṇḍitā varjayanti ||","Earlier, seeing Draupadi won at the dice game, I told you, king, 'Stop Duryodhana'; you did not follow my words. The wise avoid gambling.",agree,,,,
VN.4.70,Codex disagrees,Vidura,"धार्तराष्ट्राः पाण्डवान्पालयन्तु
पाण्डोः सुतास्तव पुत्रांश्च पान्तु ।
एकारिमित्राः कुरवो ह्येकमन्त्रा
जीवन्तु राजन्सुखिनः समृद्धाः ॥","dhārtarāṣṭrāḥ pāṇḍavānpālayantu
pāṇḍoḥ sutāstava putrāṃśca pāntu |
ekārimitrāḥ kuravo hyekamantrā
jīvantu rājansukhinaḥ samṛddhāḥ ||","Let Dhritarashtra's sons protect the Pandavas, and let Pandu's sons protect your sons. Let the Kurus, with one enemy and one friend and one counsel, live happy and prosperous, king.",disagree,“One enemy and one friend” wrongly treats eka as numerical; the compound describes the Kurus as sharing the same friends and enemies.,"Let the Kurus, having common friends and enemies and united in counsel, live happy and prosperous, O king.",,
VN.4.72,Codex disagrees,Vidura,"सन्धत्स्व त्वं कौरवान्पाण्डुपुत्रैर्
मा तेऽन्तरं रिपवः प्रार्थयन्तु ।
सत्ये स्थितास्ते नरदेव सर्वे
दुर्योधनं स्थापय त्वं नरेन्द्र ॥","sandhatsva tvaṃ kauravānpāṇḍuputrair
mā te'ntaraṃ ripavaḥ prārthayantu |
satye sthitāste naradeva sarve
duryodhanaṃ sthāpaya tvaṃ narendra ||","Make peace between the Kauravas and the sons of Pandu; do not let enemies look for a gap between you. They all stand in truth, god among men; restrain Duryodhana, lord of men.",disagree,"“A gap between you” changes te antaram, which means an opening or vulnerable point belonging to the king, not necessarily a division between the two parties.",Do not let your enemies seek an opening or weakness in you.,,
VN.5.1,Codex disagrees,Vidura,"सप्तदशेमान्राजेन्द्र मनुः स्वायम्भुवोऽब्रवीत् ।
वैचित्रवीर्य पुरुषानाकाशं मुष्टिभिर्घ्नतः ॥","saptadaśemānrājendra manuḥ svāyambhuvo'bravīt |
vaicitravīrya puruṣānākāśaṃ muṣṭibhirghnataḥ ||","Svayambhuva Manu, lord of kings, spoke of these seventeen people, son of Vichitravirya, who strike the sky with their fists,",disagree,The English incorrectly makes “lord of kings” an epithet of Manu; rā́jendra is a vocative addressed to Dhritarashtra.,"O lord of kings, O son of Vichitravirya, Svayambhuva Manu spoke of these seventeen men who strike the sky with their fists.",,
VN.5.3,Codex disagrees; safety flags: caste_gender,Vidura,"यश्चाशिष्यं शासति यश् च कुप्यते
यश्चातिवेलं भजते द्विषन्तम् ।
स्त्रियश्च योऽरक्षति भद्रमस्तु ते
यश्चायाच्यं याचति यश् च कत्थते ॥","yaścāśiṣyaṃ śāsati yaś ca kupyate
yaścātivelaṃ bhajate dviṣantam |
striyaśca yo'rakṣati bhadramastu te
yaścāyācyaṃ yācati yaś ca katthate ||","one who instructs the unteachable, one who gets angry, one who serves an enemy beyond measure, one who does not protect women, bless you, one who begs what should not be begged, and one who boasts;",disagree,"The English reverses yo ’rakṣati: this is ā-rakṣati, “guards” or “tries to guard,” not “does not protect.”",The list includes one who tries to guard or control women.,,
VN.5.5,safety flags: caste_gender,Vidura,"वध्वा हासं श्वशुरो यश् च मन्यते
वध्वा वसन्नुत यो मानकामः ।
परक्षेत्रे निर्वपति यश्च बीजं
स्त्रियं च यः परिवदतेऽतिवेलम् ॥","vadhvā hāsaṃ śvaśuro yaś ca manyate
vadhvā vasannuta yo mānakāmaḥ |
parakṣetre nirvapati yaśca bījaṃ
striyaṃ ca yaḥ parivadate'tivelam ||","a father-in-law who jokes with his daughter-in-law, one who lives with his daughter-in-law and wants honour, one who sows seed in another's field, and one who speaks ill of women beyond measure;",agree,,,,
VN.5.10,safety flags: death,Vidura,"एत एवासयस्तीक्ष्णाः कृन्तन्त्यायूंषि देहिनाम् ।
एतानि मानवान्घ्नन्ति न मृत्युर्भद्रमस्तु ते ॥","eta evāsayastīkṣṇāḥ kṛntantyāyūṃṣi dehinām |
etāni mānavānghnanti na mṛtyurbhadramastu te ||","These are the sharp swords that cut short the lives of embodied beings. These kill people, not death; bless you.",agree,,,,
VN.5.11,safety flags: caste_gender,Vidura,"विश्वस्तस्यैति यो दारान्यश्चापि गुरु तक्पगः ।
वृषली पतिर्द्विजो यश्च पानपश्चैव भारत ॥","viśvastasyaiti yo dārānyaścāpi guru takpagaḥ |
vṛṣalī patirdvijo yaśca pānapaścaiva bhārata ||","One who goes to the wife of a man who trusts him, one who violates his teacher's bed, a twice-born man who marries a shudra woman, and a drinker, Bharata,",agree,,,,
VN.5.12,Codex disagrees; safety flags: caste_gender,Vidura,"शरणागतहा चैव सर्वे ब्रह्महणैः समाः ।
एतैः समेत्य कर्तव्यं प्रायश्चित्तमिति श्रुतिः ॥","śaraṇāgatahā caiva sarve brahmahaṇaiḥ samāḥ |
etaiḥ sametya kartavyaṃ prāyaścittamiti śrutiḥ ||","and one who kills a refugee: all are equal to killers of brahmins. Scripture says that having fallen in with these, one must do atonement.",disagree,"“Refugee” is too broad and modern for śaraṇāgata, which specifically denotes someone who has come seeking refuge or protection.",The list includes one who kills a person who has sought refuge or protection.,,
VN.5.17,safety flags: caste_gender,Vidura,"आपदर्थं धनं रक्षेद्दारान्रक्षेद्धनैरपि ।
आत्मानं सततं रक्षेद्दारैरपि धनैरपि ॥","āpadarthaṃ dhanaṃ rakṣeddārānrakṣeddhanairapi |
ātmānaṃ satataṃ rakṣeddārairapi dhanairapi ||","One should guard wealth against misfortune; guard one's wife even with wealth; and always guard oneself, even with wife and wealth.",agree,,,,
VN.5.18,Codex disagrees,Vidura,"उक्तं मया द्यूतकालेऽपि राजन्
नैवं युक्तं वचनं प्रातिपीय ।
तदौषधं पथ्यमिवातुरस्य
न रोचते तव वैचित्र वीर्य ॥","uktaṃ mayā dyūtakāle'pi rājan
naivaṃ yuktaṃ vacanaṃ prātipīya |
tadauṣadhaṃ pathyamivāturasya
na rocate tava vaicitra vīrya ||","I said at the time of the dice game, king, that this was not right. But like medicine to a sick man, that beneficial advice did not please you, son of Vichitravirya.",disagree,"The English omits the vocative prātipīya, “descendant of Pratipa.”","I said at the time of the dice game, O king, O descendant of Pratipa, that this was not right; that advice did not please you, O son of Vichitravirya, just as beneficial medicine does not please a sick man.",,
VN.5.25,random sample,Vidura,"अस्तब्धमक्लीबमदीर्घसूत्रं
सानुक्रोशं श्लक्ष्णमहार्यमन्यैः ।
अरोग जातीयमुदारवाक्यं
दूतं वदन्त्यष्ट गुणोपपन्नम् ॥","astabdhamaklībamadīrghasūtraṃ
sānukrośaṃ ślakṣṇamahāryamanyaiḥ |
aroga jātīyamudāravākyaṃ
dūtaṃ vadantyaṣṭa guṇopapannam ||","Not stubborn, not timid, not slow, compassionate, gentle, not to be won over by others, of healthy stock and eloquent: they call such an envoy endowed with eight qualities.",agree,,,,
VN.5.27,Codex disagrees,Vidura,"न निह्नवं सत्र गतस्य गच्छेत्
संसृष्ट मन्त्रस्य कुसङ्गतस्य ।
न च ब्रूयान्नाश्वसामि त्वयीति
स कारणं व्यपदेशं तु कुर्यात् ॥","na nihnavaṃ satra gatasya gacchet
saṃsṛṣṭa mantrasya kusaṅgatasya |
na ca brūyānnāśvasāmi tvayīti
sa kāraṇaṃ vyapadeśaṃ tu kuryāt ||","One should not contradict a man sitting in an assembly whose counsel is mixed with bad company; nor should one say 'I do not trust you', but should give a reason or excuse.",disagree,"The first half is misconstrued: nihnavam means concealment or denial, while saṃsṛṣṭamantrasya refers to someone with whom counsel or secrets have been shared, not to counsel being “mixed with bad company.”","One should not resort to concealment or denial concerning one who has gone to the assembly, with whom counsel has been shared, and who has fallen into bad company; one should not say “I do not trust you,” but should give a reason or pretext.",,
VN.5.28,Codex disagrees; safety flags: caste_gender,Vidura,"घृणी राजा पुंश्चली राजभृत्यः
पुत्रो भ्राता विधवा बाल पुत्रा ।
सेना जीवी चोद्धृत भक्त एव
व्यवहारे वै वर्जनीयाः स्युरेते ॥","ghṛṇī rājā puṃścalī rājabhṛtyaḥ
putro bhrātā vidhavā bāla putrā |
senā jīvī coddhṛta bhakta eva
vyavahāre vai varjanīyāḥ syurete ||","A compassionate king, a loose woman, a king's servant, a son, a brother, a widow with a young son, one who lives by soldiering, and one who has lost his position: these should be avoided in transactions.",disagree,"Uddhṛtabhakta does not simply mean someone who has lost his position; it denotes someone whose food, ration, or maintenance has been withdrawn.","A compassionate king, a loose woman, a royal servant, a son, a brother, a widow with a young son, a soldier, and one whose maintenance has been withdrawn should be avoided in transactions.",,
VN.5.29,safety flags: caste_gender,Vidura,"गुणा दश स्नानशीलं भजन्ते
बलं रूपं स्वरवर्णप्रशुद्धिः ।
स्पर्शश्च गन्धश्च विशुद्धता च
श्रीः सौकुमार्यं प्रवराश्च नार्यः ॥","guṇā daśa snānaśīlaṃ bhajante
balaṃ rūpaṃ svaravarṇapraśuddhiḥ |
sparśaśca gandhaśca viśuddhatā ca
śrīḥ saukumāryaṃ pravarāśca nāryaḥ ||","Ten benefits come to one who bathes regularly: strength, beauty, a clear voice and complexion, softness of touch, fragrance, purity, fortune, delicacy, and the finest women.",agree,,,,
VN.5.32,Codex disagrees,Vidura,"कदर्यमाक्रोशकमश्रुतं च
वराक सम्भूतममान्य मानिनम् ।
निष्ठूरिणं कृतवैरं कृतघ्नम्
एतान्भृतार्तोऽपि न जातु याचेत् ॥","kadaryamākrośakamaśrutaṃ ca
varāka sambhūtamamānya māninam |
niṣṭhūriṇaṃ kṛtavairaṃ kṛtaghnam
etānbhṛtārto'pi na jātu yācet ||","A miser, an abuser, the unlearned, the base-born who honours the dishonourable, the harsh, one who has made enemies, and the ungrateful: one should never beg from these, even in distress.",disagree,Amānyamāninam does not mean someone who honours the dishonourable; it means someone who thinks highly of himself despite being unworthy of honour. The base-born person and this conceited person are also separate items in the list.,"One should never beg, even in distress, from a miser, an abuser, an unlearned person, one of base origin, one who considers himself worthy of honour although he is not, a harsh person, one who has made enemies, or an ingrate.",,
VN.5.34,Codex disagrees,Vidura,"सहायबन्धना ह्यर्थाः सहायाश्चार्थबन्धनाः ।
अन्योन्यबन्धनावेतौ विनान्योन्यं न सिध्यतः ॥","sahāyabandhanā hyarthāḥ sahāyāścārthabandhanāḥ |
anyonyabandhanāvetau vinānyonyaṃ na sidhyataḥ ||","Aims are bound to helpers, and helpers are bound to means; these two are bound to each other, and neither succeeds without the other.",disagree,"The English renders the repeated artha as two different things, “aims” and “means,” obscuring the verse’s stated mutual dependence between only two parties.","Resources or undertakings depend upon helpers, and helpers depend upon resources; the two depend upon each other, and neither succeeds without the other.",,
VN.5.35,"safety flags: renunciation, under18_hold",Vidura,"उत्पाद्य पुत्राननृणांश्च कृत्वा
वृत्तिं च तेभ्योऽनुविधाय कां चित् ।
स्थाने कुमारीः प्रतिपाद्य सर्वा
अरण्यसंस्थो मुनिवद्बुभूषेत् ॥","utpādya putrānanṛṇāṃśca kṛtvā
vṛttiṃ ca tebhyo'nuvidhāya kāṃ cit |
sthāne kumārīḥ pratipādya sarvā
araṇyasaṃstho munivadbubhūṣet ||","Having fathered sons and freed them from debt, having arranged some livelihood for them, and having given all daughters in marriage properly, one should wish to live in the forest as a sage.",agree,,,,
VN.5.36,Codex disagrees,Vidura,"हितं यत्सर्वभूतानामात्मनश्च सुखावहम् ।
तत्कुर्यादीश्वरो ह्येतन्मूलं धर्मार्थसिद्धये ॥","hitaṃ yatsarvabhūtānāmātmanaśca sukhāvaham |
tatkuryādīśvaro hyetanmūlaṃ dharmārthasiddhaye ||","What is beneficial to all beings and brings happiness to oneself, the lord should do; this is the root of success in dharma and true benefit.",disagree,"“True benefit” adds an unsupported qualification and does not accurately preserve artha, the second term paired with dharma.","The lord should do what benefits all beings and brings happiness to himself, for this is the root of attaining dharma and artha, or material welfare.",,
VN.5.38,safety flags: war,Vidura,"पश्य दोषान्पाण्डवैर्विग्रहे त्वं
यत्र व्यथेरन्नपि देवाः स शक्राः ।
पुत्रैर्वैरं नित्यमुद्विग्नवासो
यशः प्रणाशो द्विषतां च हर्षः ॥","paśya doṣānpāṇḍavairvigrahe tvaṃ
yatra vyatherannapi devāḥ sa śakrāḥ |
putrairvairaṃ nityamudvignavāso
yaśaḥ praṇāśo dviṣatāṃ ca harṣaḥ ||","See the evils in a conflict with the Pandavas, at which even the gods with Indra would tremble: enmity with your sons, living in constant anxiety, loss of fame and the joy of enemies.",agree,,,,
VN.5.39,safety flags: war,Vidura,"भीष्मस्य कोपस्तव चेन्द्र कल्प
द्रोणस्य राज्ञश्च युधिष्ठिरस्य ।
उत्सादयेल्लोकमिमं प्रवृद्धः
श्वेतो ग्रहस्तिर्यगिवापतन्खे ॥","bhīṣmasya kopastava cendra kalpa
droṇasya rājñaśca yudhiṣṭhirasya |
utsādayellokamimaṃ pravṛddhaḥ
śveto grahastiryagivāpatankhe ||","The anger of Bhishma, of you who are like Indra, of Drona and of King Yudhishthira, once roused, could destroy this world, like a white comet falling across the sky.",agree,,,,
VN.5.41,Codex disagrees,Vidura,"धार्तराष्ट्रा वनं राजन्व्याघ्राः पाण्डुसुता मताः ।
मा वनं छिन्धि स व्याघ्रं मा व्याघ्रान्नीनशो वनात् ॥","dhārtarāṣṭrā vanaṃ rājanvyāghrāḥ pāṇḍusutā matāḥ |
mā vanaṃ chindhi sa vyāghraṃ mā vyāghrānnīnaśo vanāt ||","Dhritarashtra's sons are a forest, king, and Pandu's sons are held to be the tigers. Do not cut down the forest with its tigers; do not drive the tigers out of the forest.",disagree,"The second imperative uses a form of naś, “perish” or “destroy”; “drive the tigers out” softens this to mere expulsion.","Dhritarashtra’s sons are the forest and Pandu’s sons the tigers. Do not cut down the forest together with its tigers, and do not destroy or cause the tigers to perish from the forest.",,
VN.5.51,random sample,Vidura,"येन त्वेतानि सर्वाणि सङ्गृहीतानि भारत ।
यद्बलानां बलं श्रेष्ठं तत्प्रज्ञा बलमुच्यते ॥","yena tvetāni sarvāṇi saṅgṛhītāni bhārata |
yadbalānāṃ balaṃ śreṣṭhaṃ tatprajñā balamucyate ||","But the strength by which all these are gathered together, Bharata, the best of all strengths, is called the strength of wisdom.",agree,,,,
VN.5.53,safety flags: caste_gender,Vidura,"स्त्रीषु राजसु सर्पेषु स्वाध्याये शत्रुसेविषु ।
भोगे चायुषि विश्वासं कः प्राज्ञः कर्तुमर्हति ॥","strīṣu rājasu sarpeṣu svādhyāye śatruseviṣu |
bhoge cāyuṣi viśvāsaṃ kaḥ prājñaḥ kartumarhati ||","In women, kings and snakes, in one's own learning, in those who serve the enemy, in enjoyment and in life itself: what wise person would place trust?",agree,,,,
VN.6.1,random sample,Vidura,"ऊर्ध्वं प्राणा ह्युत्क्रामन्ति यूनः स्थविर आयति ।
प्रत्युत्थानाभिवादाभ्यां पुनस्तान्पतिपद्यते ॥","ūrdhvaṃ prāṇā hyutkrāmanti yūnaḥ sthavira āyati |
pratyutthānābhivādābhyāṃ punastānpatipadyate ||","The life-breaths of a young person rise up when an elder approaches; by rising and greeting him, he regains them.",agree,,,,
VN.6.4,safety flags: caste_gender,Vidura,"चिकित्सकः शक्य कर्तावकीर्णी
स्तेनः क्रूरो मद्यपो भ्रूणहा च ।
सेनाजीवी श्रुतिविक्रायकश् च
भृशं प्रियोऽप्यतिथिर्नोदकार्हः ॥","cikitsakaḥ śakya kartāvakīrṇī
stenaḥ krūro madyapo bhrūṇahā ca |
senājīvī śrutivikrāyakaś ca
bhṛśaṃ priyo'pyatithirnodakārhaḥ ||","A physician, a surgeon, one who has broken his vow of celibacy, a thief, a cruel person, a drinker, one who kills embryos, one who lives by soldiering, and one who sells the Veda: however dear, such a guest is not worthy of water.",agree,,,,
VN.6.6,safety flags: renunciation,Vidura,"अरोषणो यः समलोष्ट काञ्चनः
प्रहीण शोको गतसन्धि विग्रहः ।
निन्दा प्रशंसोपरतः प्रियाप्रिये
चरन्नुदासीनवदेष भिक्षुकः ॥","aroṣaṇo yaḥ samaloṣṭa kāñcanaḥ
prahīṇa śoko gatasandhi vigrahaḥ |
nindā praśaṃsoparataḥ priyāpriye
carannudāsīnavadeṣa bhikṣukaḥ ||","One who is free of anger, to whom a clod and gold are the same, who has left grief behind, is beyond alliance and conflict, has stopped caring for blame and praise, and moves among the pleasant and unpleasant as if indifferent: this is a mendicant.",agree,,,,
VN.6.7,safety flags: renunciation,Vidura,"नीवार मूलेङ्गुद शाकवृत्तिः
सुसंयतात्माग्निकार्येष्वचोद्यः ।
वने वसन्नतिथिष्वप्रमत्तो
धुरन्धरः पुण्यकृदेष तापसः ॥","nīvāra mūleṅguda śākavṛttiḥ
susaṃyatātmāgnikāryeṣvacodyaḥ |
vane vasannatithiṣvapramatto
dhurandharaḥ puṇyakṛdeṣa tāpasaḥ ||","Living on wild rice, roots, ingudi nuts and greens, well self-controlled, needing no urging in the fire rites, living in the forest and attentive to guests: this foremost doer of good is an ascetic.",agree,,,,
VN.6.10,safety flags: caste_gender,Vidura,"अनीर्ष्युर्गुप्तदारः स्यात्संविभागी प्रियंवदः ।
श्लक्ष्णो मधुरवाक्स्त्रीणां न चासां वशगो भवेत् ॥","anīrṣyurguptadāraḥ syātsaṃvibhāgī priyaṃvadaḥ |
ślakṣṇo madhuravākstrīṇāṃ na cāsāṃ vaśago bhavet ||","One should be free of jealousy, guard one's wife, share with others, speak kindly, be gentle and sweet-spoken to women, but not come under their control.",agree,,,,
VN.6.11,safety flags: caste_gender,Vidura,"पूजनीया महाभागाः पुण्याश्च गृहदीप्तयः ।
स्त्रियः श्रियो गृहस्योक्तास्तस्माद्रक्ष्या विशेषतः ॥","pūjanīyā mahābhāgāḥ puṇyāśca gṛhadīptayaḥ |
striyaḥ śriyo gṛhasyoktāstasmādrakṣyā viśeṣataḥ ||","Women are worthy of honour, greatly blessed, pure and the light of the house. They are called the fortune of the home; so they should be protected above all.",agree,,,,
VN.6.12,safety flags: caste_gender,Vidura,"पितुरन्तःपुरं दद्यान्मातुर्दद्यान्महानसम् ।
गोषु चात्मसमं दद्यात्स्वयमेव कृषिं व्रजेत् ।
भृत्यैर्वणिज्याचारं च पुत्रैः सेवेत ब्राह्मणान् ॥","piturantaḥpuraṃ dadyānmāturdadyānmahānasam |
goṣu cātmasamaṃ dadyātsvayameva kṛṣiṃ vrajet |
bhṛtyairvaṇijyācāraṃ ca putraiḥ seveta brāhmaṇān ||","Give the inner apartments to your father, give the kitchen to your mother, give the cattle to one like yourself, and go to the farming yourself. Carry on trade through servants, and serve brahmins through your sons.",agree,,,,
VN.6.13,safety flags: caste_gender,Vidura,"अद्भ्योऽग्निर्ब्रह्मतः क्षत्रमश्मनो लोहमुत्थितम् ।
तेषां सर्वत्रगं तेजः स्वासु योनिषु शाम्यति ॥","adbhyo'gnirbrahmataḥ kṣatramaśmano lohamutthitam |
teṣāṃ sarvatragaṃ tejaḥ svāsu yoniṣu śāmyati ||","Fire arose from water, the kshatriya from the brahmin, iron from stone. Their power reaches everywhere, but it is quenched in its own source.",agree,,,,
VN.6.18,Codex disagrees,Vidura,"नासुहृत्परमं मन्त्रं भारतार्हति वेदितुम् ।
अपण्डितो वापि सुहृत्पण्डितो वाप्यनात्मवान् ।
अमात्ये ह्यर्थलिप्सा च मन्त्ररक्षणमेव च ॥","nāsuhṛtparamaṃ mantraṃ bhāratārhati veditum |
apaṇḍito vāpi suhṛtpaṇḍito vāpyanātmavān |
amātye hyarthalipsā ca mantrarakṣaṇameva ca ||","One who is not a friend does not deserve to know one's highest counsel, Bharata; nor does a friend who is unwise, nor a wise one who lacks self-control. Choose a minister only after testing him, for on him depend gaining wealth and keeping counsel.",disagree,“Choose a minister only after testing him” is an addition not present in the Sanskrit.,"An enemy, an unwise friend, and a wise but uncontrolled person are unfit to know the highest counsel; the acquisition of wealth and the safeguarding of counsel depend upon a minister.",,
VN.6.23,Codex disagrees; random sample,Vidura,"अमोघक्रोधहर्षस्य स्वयं कृत्यान्ववेक्षिणः ।
आत्मप्रत्यय कोशस्य वसुधेयं वसुन्धरा ॥","amoghakrodhaharṣasya svayaṃ kṛtyānvavekṣiṇaḥ |
ātmapratyaya kośasya vasudheyaṃ vasundharā ||","For one whose anger and joy are not fruitless, who personally oversees what must be done, and whose treasury is known to himself, this earth yields wealth.",disagree,The final clause turns a statement of possession or dominion into the different claim that the earth “yields wealth.”,"This wealth-bearing earth belongs to the person whose anger and pleasure are effective, who personally oversees what must be done, and who has personal command or assured knowledge of his treasury.",,
VN.6.25,safety flags: caste_gender,Vidura,"ब्राह्मणो ब्राह्मणं वेद भर्ता वेद स्त्रियं तथा ।
अमात्यं नृपतिर्वेद राजा राजानमेव च ॥","brāhmaṇo brāhmaṇaṃ veda bhartā veda striyaṃ tathā |
amātyaṃ nṛpatirveda rājā rājānameva ca ||","A brahmin knows a brahmin, a husband knows his wife, a king knows his minister, and a king knows a king.",agree,,,,
VN.6.26,"safety flags: war, under18_hold",Vidura,"न शत्रुरङ्कमापन्नो मोक्तव्यो वध्यतां गतः ।
अहताद्धि भयं तस्माज्जायते नचिरादिव ॥","na śatruraṅkamāpanno moktavyo vadhyatāṃ gataḥ |
ahatāddhi bhayaṃ tasmājjāyate nacirādiva ||",An enemy who has fallen into one's lap and deserves death should not be let go; for danger soon arises from one who is not killed.,agree,,,,
VN.6.29,safety flags: caste_gender,Vidura,"प्रसादो निष्फलो यस्य क्रोधश्चापि निरर्थकः ।
न तं भर्तारमिच्छन्ति षण्ढं पतिमिव स्त्रियः ॥","prasādo niṣphalo yasya krodhaścāpi nirarthakaḥ |
na taṃ bhartāramicchanti ṣaṇḍhaṃ patimiva striyaḥ ||","One whose favour bears no fruit and whose anger is also without effect: people do not want him as master, as women do not want an impotent husband.",agree,,,,
VN.6.39,safety flags: caste_gender,Vidura,"येऽर्थाः स्त्रीषु समासक्ताः प्रथमोत्पतितेषु च ।
ये चानार्य समासक्ताः सर्वे ते संशयं गताः ॥","ye'rthāḥ strīṣu samāsaktāḥ prathamotpatiteṣu ca |
ye cānārya samāsaktāḥ sarve te saṃśayaṃ gatāḥ ||","Wealth entrusted to women, to those newly risen, and to the ignoble: all of it falls into doubt.",agree,,,,
VN.6.40,safety flags: caste_gender,Vidura,"यत्र स्त्री यत्र कितवो यत्र बालोऽनुशास्ति च ।
मज्जन्ति तेऽवशा देशा नद्यामश्मप्लवा इव ॥","yatra strī yatra kitavo yatra bālo'nuśāsti ca |
majjanti te'vaśā deśā nadyāmaśmaplavā iva ||","Where a woman, a gambler or a child gives the orders, those lands sink helplessly, like a raft of stone in a river.",agree,,,,
VN.6.42,safety flags: caste_gender,Vidura,"यं प्रशंसन्ति कितवा यं प्रशंसन्ति चारणाः ।
यं प्रशंसन्ति बन्धक्यो न स जीवति मानवः ॥","yaṃ praśaṃsanti kitavā yaṃ praśaṃsanti cāraṇāḥ |
yaṃ praśaṃsanti bandhakyo na sa jīvati mānavaḥ ||","The man whom gamblers praise, whom bards praise, whom loose women praise: that man does not truly live.",agree,,,,
VN.6.43,Codex disagrees,Vidura,"हित्वा तान्परमेष्वासान्पाण्डवानमितौजसः ।
आहितं भारतैश्वर्यं त्वया दुर्योधने महत् ॥","hitvā tānparameṣvāsānpāṇḍavānamitaujasaḥ |
āhitaṃ bhārataiśvaryaṃ tvayā duryodhane mahat ||","Abandoning the Pandavas, great archers of boundless energy, you have placed the great sovereignty of the Bharatas in Duryodhana, Bharata.",disagree,"The final vocative “Bharata” is an addition. The verse's only form of that word is part of the compound meaning “the sovereignty of the Bharatas,” which the English has already translated.","Abandoning the Pandavas, supreme archers of boundless energy, you have placed the great sovereignty of the Bharatas in Duryodhana.",,
VN.7.1,safety flags: fatalism,Dhritarashtra,"अनीश्वरोऽयं पुरुषो भवाभवे
सूत्रप्रोता दारुमयीव योषा ।
धात्रा हि दिष्टस्य वशे किलायं
तस्माद्वद त्वं श्रवणे घृतोऽहम् ॥","anīśvaro'yaṃ puruṣo bhavābhave
sūtraprotā dārumayīva yoṣā |
dhātrā hi diṣṭasya vaśe kilāyaṃ
tasmādvada tvaṃ śravaṇe ghṛto'ham ||",This person is not master of his rising or falling; he is like a wooden doll moved by strings. He is under the control of what the Creator has ordained. So speak on; I am intent on listening.,agree,,,,
VN.7.3,Codex disagrees,Vidura,"प्रियो भवति दानेन प्रियवादेन चापरः ।
मन्त्रं मूलबलेनान्यो यः प्रियः प्रिय एव सः ॥","priyo bhavati dānena priyavādena cāparaḥ |
mantraṃ mūlabalenānyo yaḥ priyaḥ priya eva saḥ ||","One becomes dear through gifts, another through pleasant words, another through the strength of counsel and charms; but one who is dear is dear simply.",disagree,“Counsel and charms” misreads mantra and mūla in this context: they refer to incantations and roots or herbs used for their magical power.,"One becomes dear through gifts, another through pleasant speech, and another through the power of incantations and roots; but one who is naturally dear remains dear.",,
VN.7.7,random sample,Dhritarashtra,"सर्वं त्वमायती युक्तं भाषसे प्राज्ञसंमतम् ।
न चोत्सहे सुतं त्यक्तुं यतो धर्मस्ततो जयः ॥","sarvaṃ tvamāyatī yuktaṃ bhāṣase prājñasaṃmatam |
na cotsahe sutaṃ tyaktuṃ yato dharmastato jayaḥ ||","All that you say is sound for the future and approved by the wise. Yet I cannot bring myself to abandon my son. Where dharma is, there is victory.",agree,,,,
VN.7.11,Codex disagrees,Vidura,"ये पापा इति विख्याताः संवासे परिगर्हिताः ।
युक्ताश्चान्यैर्महादोषैर्ये नरास्तान्विवर्जयेत् ॥","ye pāpā iti vikhyātāḥ saṃvāse parigarhitāḥ |
yuktāścānyairmahādoṣairye narāstānvivarjayet ||","Those known to be wicked, censured by those who live with them, and joined to other great faults: one should avoid such people.",disagree,“Censured by those who live with them” assigns the censure to cohabitants. The Sanskrit says that association or living with such people is itself condemned.,"Those known as wicked, whose company is condemned, and who possess other great faults should be avoided.",,
VN.7.25,Codex disagrees,Vidura,"श्रीमन्तं ज्ञातिमासाद्य यो ज्ञातिरवसीदति ।
दिग्धहस्तं मृग इव स एनस्तस्य विन्दति ॥","śrīmantaṃ jñātimāsādya yo jñātiravasīdati |
digdhahastaṃ mṛga iva sa enastasya vindati ||","If a relative comes to a prosperous relative and still suffers, the prosperous one incurs his sin, as a hunter with a poisoned arrow incurs the deer's.",disagree,"The English reverses who acquires whose sin and attaches the simile incorrectly. Grammatically, the suffering relative is the subject of both avasīdati and vindati.","A relative who, after approaching a prosperous relative, still sinks into distress acquires that prosperous relative’s sin, like a deer approaching someone whose hand is smeared with poison.",,
VN.7.40,Codex disagrees,Vidura,"अपनीतं सुनीतेन योऽर्थं प्रत्यानिनीषते ।
मतिमास्थाय सुदृढां तदकापुरुष व्रतम् ॥","apanītaṃ sunītena yo'rthaṃ pratyāninīṣate |
matimāsthāya sudṛḍhāṃ tadakāpuruṣa vratam ||","One who, holding to a firm resolve, seeks by good conduct to win back a gain lost through bad conduct: that is the vow of a person who is no coward.",disagree,The English adds that the gain was lost “through bad conduct.” The Sanskrit does not state what caused the loss; apanītam means that the wealth or objective was taken away or lost.,"One who, adopting a very firm resolve, seeks to recover by sound policy what has been taken away or lost follows the vow of one who is no coward.",,
VN.7.48,safety flags: distress_gentle,Vidura,"दुःखार्तेषु प्रमत्तेषु नास्तिकेष्वलसेषु च ।
न श्रीर्वसत्यदान्तेषु ये चोत्साह विवर्जिताः ॥","duḥkhārteṣu pramatteṣu nāstikeṣvalaseṣu ca |
na śrīrvasatyadānteṣu ye cotsāha vivarjitāḥ ||","Fortune does not dwell with those overcome by sorrow, the careless, unbelievers, the lazy, the undisciplined, and those without energy.",agree,,,,
VN.7.51,Codex disagrees; safety flags: caste_gender,Vidura,"अग्निहोत्रफला वेदाः शीलवृत्तफलं श्रुतम् ।
रतिपुत्र फला दारा दत्तभुक्त फलं धनम् ॥","agnihotraphalā vedāḥ śīlavṛttaphalaṃ śrutam |
ratiputra phalā dārā dattabhukta phalaṃ dhanam ||",The fruit of the Vedas is the fire offering; the fruit of learning is good character and conduct; the fruit of a wife is love and sons; the fruit of wealth is giving and enjoying it.,disagree,"“Love” softens and changes rati, which here denotes sexual pleasure or intercourse.",The fruit of a wife is sexual pleasure and sons.,,
VN.7.54,random sample,Vidura,"उत्थानं संयमो दाक्ष्यमप्रमादो धृतिः स्मृतिः ।
समीक्ष्य च समारम्भो विद्धि मूलं भवस्य तत् ॥","utthānaṃ saṃyamo dākṣyamapramādo dhṛtiḥ smṛtiḥ |
samīkṣya ca samārambho viddhi mūlaṃ bhavasya tat ||","Effort, self-restraint, skill, attentiveness, steadiness, memory, and starting things after careful thought: know these as the root of prosperity.",agree,,,,
VN.7.59,safety flags: caste_gender,Vidura,"स्त्री धूर्तकेऽलसे भीरौ चण्डे पुरुषमानिनि ।
चौरे कृतघ्ने विश्वासो न कार्यो न च नास्तिके ॥","strī dhūrtake'lase bhīrau caṇḍe puruṣamānini |
caure kṛtaghne viśvāso na kāryo na ca nāstike ||","Trust should not be placed in a woman, a cheat, a lazy person, a coward, a fierce person, one who boasts of his manliness, a thief, an ungrateful person, or an unbeliever.",agree,,,,
VN.7.62,safety flags: caste_gender,Vidura,"अविद्यः पुरुषः शोच्यः शोच्यं मिथुनमप्रजम् ।
निराहाराः प्रजाः शोच्याः शोच्यं राष्ट्रमराजकम् ॥","avidyaḥ puruṣaḥ śocyaḥ śocyaṃ mithunamaprajam |
nirāhārāḥ prajāḥ śocyāḥ śocyaṃ rāṣṭramarājakam ||",An uneducated person is to be pitied; a couple without children is to be pitied; people without food are to be pitied; a kingdom without a king is to be pitied.,agree,,,,
VN.7.63,Codex disagrees; safety flags: caste_gender,Vidura,"अध्वा जरा देहवतां पर्वतानां जलं जरा ।
असम्भोगो जरा स्त्रीणां वाक्षल्यं मनसो जरा ॥","adhvā jarā dehavatāṃ parvatānāṃ jalaṃ jarā |
asambhogo jarā strīṇāṃ vākṣalyaṃ manaso jarā ||",Travel is old age for embodied beings; water is old age for mountains; lack of enjoyment is old age for women; harsh words are old age for the mind.,disagree,“Lack of enjoyment” obscures the specifically sexual sense of asambhoga in this context.,Lack of sexual union or intercourse is old age for women.,,
VN.7.64,safety flags: caste_gender,Vidura,"अनाम्नाय मला वेदा ब्राह्मणस्याव्रतं मलम् ।
कौतूहलमला साध्वी विप्रवास मलाः स्त्रियः ॥","anāmnāya malā vedā brāhmaṇasyāvrataṃ malam |
kautūhalamalā sādhvī vipravāsa malāḥ striyaḥ ||",Not reciting is the stain of the Vedas; not keeping vows is the stain of a brahmin; curiosity is the stain of a virtuous woman; living away from home is the stain of women.,agree,,,,
VN.7.66,safety flags: caste_gender,Vidura,"न स्वप्नेन जयेन्निद्रां न कामेन स्त्रियं जयेत् ।
नेन्धनेन जयेदग्निं न पानेन सुरां जयेत् ॥","na svapnena jayennidrāṃ na kāmena striyaṃ jayet |
nendhanena jayedagniṃ na pānena surāṃ jayet ||","One cannot conquer sleep by sleeping, nor a woman by desire, nor fire by fuel, nor liquor by drinking.",agree,,,,
VN.7.67,"safety flags: war, caste_gender",Vidura,"यस्य दानजितं मित्रममित्रा युधि निर्जिताः ।
अन्नपानजिता दाराः सफलं तस्य जीवितम् ॥","yasya dānajitaṃ mitramamitrā yudhi nirjitāḥ |
annapānajitā dārāḥ saphalaṃ tasya jīvitam ||","One whose friends are won by gifts, whose enemies are conquered in battle, and whose wives are won by food and drink: his life is fruitful.",agree,,,,
VN.7.69,safety flags: caste_gender,Vidura,"यत्पृथिव्यां व्रीहि यवं हिरण्यं पशवः स्त्रियः ।
नालमेकस्य तत्सर्वमिति पश्यन्न मुह्यति ॥","yatpṛthivyāṃ vrīhi yavaṃ hiraṇyaṃ paśavaḥ striyaḥ |
nālamekasya tatsarvamiti paśyanna muhyati ||","All the rice, barley, gold, cattle and women on earth are not enough for even one person: one who sees this is not deluded.",agree,,,,
VN.8.6,safety flags: caste_gender,Vidura,"नाग्निस्तृप्यति काष्ठानां नापगानां महोदधिः ।
नान्तकः सर्वभूतानां न पुंसां वामलोचना ॥","nāgnistṛpyati kāṣṭhānāṃ nāpagānāṃ mahodadhiḥ |
nāntakaḥ sarvabhūtānāṃ na puṃsāṃ vāmalocanā ||","Fire is never satisfied with logs, nor the great ocean with rivers, nor death with all beings, nor a beautiful-eyed woman with men.",agree,,,,
VN.8.7,Codex disagrees,Vidura,"आशा धृतिं हन्ति समृद्धिमन्तकः
क्रोधः श्रियं हन्ति यशः कदर्यता ।
अपालनं हन्ति पशूंश्च राजन्न्
एकः क्रुद्धो ब्राह्मणो हन्ति राष्ट्रम् ॥","āśā dhṛtiṃ hanti samṛddhimantakaḥ
krodhaḥ śriyaṃ hanti yaśaḥ kadaryatā |
apālanaṃ hanti paśūṃśca rājann
ekaḥ kruddho brāhmaṇo hanti rāṣṭram ||","Craving destroys steadiness; death destroys prosperity; anger destroys fortune; miserliness destroys fame; neglect destroys cattle, king; and one angry brahmin destroys a kingdom.",disagree,"Āśā means hope, expectation, or longing; rendering it as “craving” narrows and reinterprets the statement.",Hope or expectation destroys steadfastness.,,
VN.8.8,Codex disagrees,Vidura,"अजश्च कांस्यं च रथश्च नित्यं
मध्वाकर्षः शकुनिः श्रोत्रियश् च ।
वृद्धो ज्ञातिरवसन्नो वयस्य
एतानि ते सन्तु गृहे सदैव ॥","ajaśca kāṃsyaṃ ca rathaśca nityaṃ
madhvākarṣaḥ śakuniḥ śrotriyaś ca |
vṛddho jñātiravasanno vayasya
etāni te santu gṛhe sadaiva ||","Goats, bronze, a chariot, honey, a bird, a Vedic scholar, an aged relative and a friend fallen on hard times: may these always be in your house.",disagree,The English incorrectly separates madhvākarṣaḥ śakuniḥ into “honey” and “a bird.” It is a single expression describing a honey-drawing or honey-attracting bird.,"The list includes a honey-drawing bird, not honey and a bird as separate items.",,
VN.8.9,Codex disagrees,Vidura,"अजोक्षा चन्दनं वीणा आदर्शो मधुसर्पिषी ।
विषमौदुम्बरं शङ्खः स्वर्णं नाभिश्च रोचना ॥","ajokṣā candanaṃ vīṇā ādarśo madhusarpiṣī |
viṣamaudumbaraṃ śaṅkhaḥ svarṇaṃ nābhiśca rocanā ||","A goat and a bull, sandalwood, a lute, a mirror, honey and ghee, poison-curing fig wood, a conch, gold, musk and yellow pigment:",disagree,"The English combines viṣam and audumbaram into the unsupported compound “poison-curing fig wood,” adding a curing relationship that the Sanskrit does not state.",The verse separately lists poison and an object made of udumbara (fig) wood.,,
VN.8.13,safety flags: death,Vidura,"महाबलान्पश्य मनानुभावान्
प्रशास्य भूमिं धनधान्य पूर्णाम् ।
राज्यानि हित्वा विपुलांश्च भोगान्
गतान्नरेन्द्रान्वशमन्तकस्य ॥","mahābalānpaśya manānubhāvān
praśāsya bhūmiṃ dhanadhānya pūrṇām |
rājyāni hitvā vipulāṃśca bhogān
gatānnarendrānvaśamantakasya ||","See the mighty and great-souled kings who ruled the earth, full of wealth and grain, and then, leaving their kingdoms and vast enjoyments, went under the power of death.",agree,,,,
VN.8.14,"safety flags: death, distress_gentle; random sample",Vidura,"मृतं पुत्रं दुःखपुष्टं मनुष्या
उत्क्षिप्य राजन्स्वगृहान्निर्हरन्ति ।
तं मुक्तकेशाः करुणं रुदन्तश्
चितामध्ये काष्ठमिव क्षिपन्ति ॥","mṛtaṃ putraṃ duḥkhapuṣṭaṃ manuṣyā
utkṣipya rājansvagṛhānnirharanti |
taṃ muktakeśāḥ karuṇaṃ rudantaś
citāmadhye kāṣṭhamiva kṣipanti ||","A son raised through hardship dies, king, and people lift him and carry him out of the house; weeping piteously, hair loosened, they throw him onto the pyre like a piece of wood.",agree,,,,
VN.8.15,safety flags: death,Vidura,"अन्यो धनं प्रेतगतस्य भुङ्क्ते
वयांसि चाग्निश्च शरीरधातून् ।
द्वाभ्यामयं सह गच्छत्यमुत्र
पुण्येन पापेन च वेष्ट्यमानः ॥","anyo dhanaṃ pretagatasya bhuṅkte
vayāṃsi cāgniśca śarīradhātūn |
dvābhyāmayaṃ saha gacchatyamutra
puṇyena pāpena ca veṣṭyamānaḥ ||","Another enjoys the wealth of the departed; birds and fire enjoy the elements of his body. He goes to the other world with only two companions, wrapped in his merit and his sin.",agree,,,,
VN.8.16,safety flags: death,Vidura,"उत्सृज्य विनिवर्तन्ते ज्ञातयः सुहृदः सुताः ।
अग्नौ प्रास्तं तु पुरुषं कर्मान्वेति स्वयं कृतम् ॥","utsṛjya vinivartante jñātayaḥ suhṛdaḥ sutāḥ |
agnau prāstaṃ tu puruṣaṃ karmānveti svayaṃ kṛtam ||","Relatives, friends and sons leave him and turn back; but the person thrown into the fire is followed by the deeds he himself has done.",agree,,,,
VN.8.17,Codex disagrees,Vidura,"अस्माल्लोकादूर्ध्वममुष्य चाधो
महत्तमस्तिष्ठति ह्यन्धकारम् ।
तद्वै महामोहनमिन्द्रियाणां
बुध्यस्व मा त्वां प्रलभेत राजन् ॥","asmāllokādūrdhvamamuṣya cādho
mahattamastiṣṭhati hyandhakāram |
tadvai mahāmohanamindriyāṇāṃ
budhyasva mā tvāṃ pralabheta rājan ||","Above this world and below the next lies a great darkness, the great bewilderer of the senses. Understand this, king, so that it does not seize you.",disagree,"“Seize you” changes the meaning of pralabheta, which here means deceive, beguile, or delude.","Understand this, king, so that it does not delude you.",,
VN.8.21,Codex disagrees,Vidura,"प्रज्ञा वृद्धं धर्मवृद्धं स्वबन्धुं
विद्या वृद्धं वयसा चापि वृद्धम् ।
कार्याकार्ये पूजयित्वा प्रसाद्य
यः सम्पृच्छेन्न स मुह्येत्कदा चित् ॥","prajñā vṛddhaṃ dharmavṛddhaṃ svabandhuṃ
vidyā vṛddhaṃ vayasā cāpi vṛddham |
kāryākārye pūjayitvā prasādya
yaḥ sampṛcchenna sa muhyetkadā cit ||","One who honours and pleases a relative grown in wisdom, in dharma, in learning or in age, and asks him about what should and should not be done, is never confused.",disagree,"The English changes the conjunctive list of qualities into alternatives by using “or.” The Sanskrit describes a relative advanced in wisdom, dharma, learning, and also age.","One who honours and pleases his relative who is advanced in wisdom, dharma, learning, and age, and consults him about what should and should not be done, is never confused.",,
VN.8.23,safety flags: caste_gender,Vidura,"नित्योदकी नित्ययज्ञोपवीती
नित्यस्वाध्यायी पतितान्न वर्जी ।
ऋतं ब्रुवन्गुरवे कर्म कुर्वन्
न ब्राह्मणश्च्यवते ब्रह्मलोकात् ॥","nityodakī nityayajñopavītī
nityasvādhyāyī patitānna varjī |
ṛtaṃ bruvangurave karma kurvan
na brāhmaṇaścyavate brahmalokāt ||","A brahmin who always performs the water rites, always wears the sacred thread, always studies, avoids the food of the fallen, speaks truth and does his teacher's work, does not fall from the world of Brahma.",agree,,,,
VN.8.24,"safety flags: caste_gender, war, death, under18_hold",Vidura,"अधीत्य वेदान्परिसंस्तीर्य चाग्नीन्
इष्ट्वा यज्ञैः पालयित्वा प्रजाश् च ।
गोब्राह्मणार्थे शस्त्रपूतान्तरात्मा
हतः सङ्ग्रामे क्षत्रियः स्वर्गमेति ॥","adhītya vedānparisaṃstīrya cāgnīn
iṣṭvā yajñaiḥ pālayitvā prajāś ca |
gobrāhmaṇārthe śastrapūtāntarātmā
hataḥ saṅgrāme kṣatriyaḥ svargameti ||","A kshatriya who has studied the Vedas, tended the fires, sacrificed, protected his subjects, and, his inner self purified by weapons, is killed in battle for the sake of cows and brahmins, goes to heaven.",agree,,,,
VN.8.25,safety flags: caste_gender,Vidura,"वैश्योऽधीत्य ब्राह्मणान्क्षत्रियांश् च
धनैः काले संविभज्याश्रितांश् च ।
त्रेता पूतं धूममाघ्राय पुण्यं
प्रेत्य स्वर्गे देव सुखानि भुङ्क्ते ॥","vaiśyo'dhītya brāhmaṇānkṣatriyāṃś ca
dhanaiḥ kāle saṃvibhajyāśritāṃś ca |
tretā pūtaṃ dhūmamāghrāya puṇyaṃ
pretya svarge deva sukhāni bhuṅkte ||","A vaishya who has studied, and who in due time has shared his wealth with brahmins, kshatriyas and dependants, breathing the holy smoke of the three fires, enjoys divine happiness in heaven after death.",agree,,,,
VN.8.26,safety flags: caste_gender,Vidura,"ब्रह्मक्षत्रं वैश्य वर्णं च शूद्रः
क्रमेणैतान्न्यायतः पूजयानः ।
तुष्टेष्वेतेष्वव्यथो दग्धपापस्
त्यक्त्वा देहं स्वर्गसुखानि भुङ्क्ते ॥","brahmakṣatraṃ vaiśya varṇaṃ ca śūdraḥ
krameṇaitānnyāyataḥ pūjayānaḥ |
tuṣṭeṣveteṣvavyatho dagdhapāpas
tyaktvā dehaṃ svargasukhāni bhuṅkte ||","A shudra who rightly honours, in order, the brahmin, the kshatriya and the vaishya, when they are satisfied, free from pain and with his sins burned away, leaves the body and enjoys the joys of heaven.",agree,,,,
VN.8.27,safety flags: caste_gender,Vidura,"चातुर्वर्ण्यस्यैष धर्मस्तवोक्तो
हेतुं चात्र ब्रुवतो मे निबोध ।
क्षात्राद्धर्माद्धीयते पाण्डुपुत्रस्
तं त्वं राजन्राजधर्मे नियुङ्क्ष्व ॥","cāturvarṇyasyaiṣa dharmastavokto
hetuṃ cātra bruvato me nibodha |
kṣātrāddharmāddhīyate pāṇḍuputras
taṃ tvaṃ rājanrājadharme niyuṅkṣva ||","This dharma of the four classes has been told to you; now hear from me the reason. Pandu's son is falling away from kshatriya dharma; king, install him in the dharma of kings.",agree,,,,
VN.8.30,safety flags: fatalism,Dhritarashtra,"न दिष्टमभ्यतिक्रान्तुं शक्यं मर्त्येन केन चित् ।
दिष्टमेव कृतं मन्ये पौरुषं तु निरर्थकम् ॥","na diṣṭamabhyatikrāntuṃ śakyaṃ martyena kena cit |
diṣṭameva kṛtaṃ manye pauruṣaṃ tu nirarthakam ||",No mortal can overcome what fate has ordained. I think fate alone is what acts; human effort is useless.,agree,,,,
